firstName,lastName,companyName,phone,email,city,state,niche,website,source
,,"Desert Diamond Air Cooling & Heating",+16232462377,,Phoenix,AZ,HVAC,https://desertdiamondhvac.com,Google Maps
,,"Ideal Air Conditioning and Insulation",+14805737604,,Phoenix,AZ,HVAC,https://www.idealairaz.com,Google Maps
,,"1st Choice Plumbing Air & Insulation",+16232923697,,Phoenix,AZ,HVAC,https://1stchoicemechanicalaz.com,Google Maps
,,"Hobaica Services",+16026335555,,Phoenix,AZ,HVAC,https://www.hobaica.com,Google Maps
,,"Benefit Air Conditioning",+16028409229,,Phoenix,AZ,HVAC,http://www.benefitair.com,Google Maps
,,"AZ Perfect Comfort Heating & Cooling",+16028582261,,Phoenix,AZ,HVAC,https://azperfectcomfort.com,Google Maps
,,"Florida Home Air Conditioning",+19049908633,,Jacksonville,FL,HVAC,https://floridahomeac.com,Google Maps
,,"Hammond Heating & Air Conditioning",+19048933341,,Jacksonville,FL,HVAC,https://www.hammondair.com,Google Maps
,,"J&W Heating and Air & Plumbing",+19047805787,,Jacksonville,FL,HVAC,https://www.jandwheatingandair.com,Google Maps
,,"Cool R Us Inc A/C & Heating",+19045920651,,Jacksonville,FL,HVAC,https://www.coolrusnfl.com,Google Maps
,,"Bold City Heating & Air",+19043791648,,Jacksonville,FL,HVAC,https://boldcityac.com,Google Maps
,,"Elite AC",+19044200075,,Jacksonville,FL,HVAC,https://eliteacllc.com,Google Maps
,,"Doctor Drips Plumbing",+16159700047,,Nashville,TN,Plumbing,https://doctordrips.com,Google Maps
,,"615 Plumbing",+16156252386,,Nashville,TN,Plumbing,https://615plumbing.com,Google Maps
,,"Jack Ward & Sons Plumbing Company",+16152050691,,Nashville,TN,Plumbing,https://jackwardandsonsplumbing.com,Google Maps
,,"100 Percent Plumbing",+16154311100,,Nashville,TN,Plumbing,https://100percentplumbingtn.com,Google Maps
,,"Holt Plumbing Company",+16153616001,,Nashville,TN,Plumbing,https://www.holtplumbing.com,Google Maps
,,"Parthenon Plumbing Heating & AC Repair",+16292765129,,Nashville,TN,Plumbing,https://parthenonplumbing.com,Google Maps
,,"Safe Electric and Plumbing",+16142674111,,Columbus,OH,Electrical,https://www.callsafe.com,Google Maps
,,"Buckeye Electric of Upper Arlington",+16146648800,,Columbus,OH,Electrical,https://614electrician.com,Google Maps
,,"R & T Yoder Electric Inc",+16146650445,,Columbus,OH,Electrical,https://www.yoderelectric.com,Google Maps
,,"Quality Electric",+16144319500,,Columbus,OH,Electrical,https://qualityohio.com,Google Maps
,,"Just Right Electric LLC",+16149027605,,Columbus,OH,Electrical,https://justrightelectricllc.com,Google Maps
,,"Bradley Electric",+16143922908,,Columbus,OH,Electrical,https://bradleyelectricohio.com,Google Maps
,,"Care Electric LLC",+16143698737,,Columbus,OH,Electrical,http://www.careelectric.org,Google Maps
,,"EZ Roof and Construction",+18329795409,,Houston,TX,Roofing,https://ezroofhouston.com,Google Maps
,,"JC&C Roofing Company",+12814987663,,Houston,TX,Roofing,https://www.myroofimprovement.com,Google Maps
,,"Precision Roof Crafters Inc.",+17134971211,,Houston,TX,Roofing,https://precisionroofcrafters.com,Google Maps
,,"TX Roofing & Services",+17867979134,,Houston,TX,Roofing,http://www.txroofingandservices.com,Google Maps
,,"Houston Roofing & Construction",+18328027656,,Houston,TX,Roofing,https://houstonroofingonline.com,Google Maps
,,"Best Roofing and Construction LLC",+18326555418,,Houston,TX,Roofing,http://www.bestroofingandconstructionllc.com,Google Maps
,,"DR Roofing and Construction",+12818152422,,Houston,TX,Roofing,http://www.drroofingandconstruction.com,Google Maps
,,"Walters Landscapes LLC",+19193956833,,Raleigh,NC,Landscaping,http://www.walterslandscapes.com,Google Maps
,,"DreamScapes",+19198682198,,Raleigh,NC,Landscaping,https://www.triangledreamscapes.com,Google Maps
,,"Duck Landscaping Raleigh",+19194801229,,Raleigh,NC,Landscaping,http://duck-landscaping.com,Google Maps
,,"Currin Outdoor Living",+19192347888,,Raleigh,NC,Landscaping,http://currinoutdoor.com,Google Maps
,,"Agape Lawn Company",+19843438296,,Raleigh,NC,Landscaping,https://agapelawnco.com,Google Maps
,,"Faros Construction Services",+17205945604,,Denver,CO,General Contractor,https://faroscs.com,Google Maps
,,"Dohn Construction",+13036804565,,Denver,CO,General Contractor,http://www.dohnconstruction.com,Google Maps
,,"A2Z Builders",+17209029152,,Denver,CO,General Contractor,http://a2zbuilders.com,Google Maps
,,"Kalin Construction Corp",+13033507762,,Denver,CO,General Contractor,https://kalinconstruction.com,Google Maps
,,"Denver Dream Builders",+13034062225,,Denver,CO,General Contractor,https://denverdreambuilders.com,Google Maps
,,"Spectrum General Contractors Inc.",+13033298003,,Denver,CO,General Contractor,https://www.spectrumgc.com,Google Maps
,,"Reliant Plumbing",+12104680820,,San Antonio,TX,Plumbing,https://reliantplumbing.com,Google Maps
,,"1st Call Plumbing & AC",+12104460200,,San Antonio,TX,Plumbing,https://1stcallplumbingandac.com,Google Maps
,,"Big City Plumbing LLC",+12104991010,,San Antonio,TX,Plumbing,https://bigcityplumbingsa.com,Google Maps
,,"George Plumbing Co.",+12107400748,,San Antonio,TX,Plumbing,https://yell4george.com,Google Maps
,,"Chambliss Plumbing Company",+12108022439,,San Antonio,TX,Plumbing,https://chamblissplumbing.com,Google Maps
,,"Smith & Sons Plumbing",+12103380046,,San Antonio,TX,Plumbing,http://www.smithandsonstx.com,Google Maps
,,"Dify Electrical Contracting",+15402592774,,Richmond,VA,Electrical,https://difycontracting.squarespace.com,Google Maps
,,"RK Newman Electric Services",+18044371033,,Richmond,VA,Electrical,http://rknewmanelectric.com,Google Maps
,,"Connect Electrical Services",+18048445613,,Richmond,VA,Electrical,https://callconnectelectric.com,Google Maps
,,"Ace Electric Co. Inc.",+18042662429,,Richmond,VA,Electrical,http://aceelectricva.com,Google Maps
,,"J&M Electrical Service",+18042765580,,Richmond,VA,Electrical,https://www.jmwired.com,Google Maps
,,"Lauterbach Electric",+18045533900,,Richmond,VA,Electrical,https://lauterbachelectric.com,Google Maps
,,"Supreme Roofing Marietta GA",+16789685061,,Marietta,GA,Roofing,https://www.supremeroofingmariettaga.com,Google Maps
,,"Georgia Roof Advisors",+16787239995,,Marietta,GA,Roofing,http://www.georgiaroofadvisors.com,Google Maps
,,"Summit Roofing",+17705455244,,Marietta,GA,Roofing,https://www.summitroofingga.com,Google Maps
,,"Elite Roofing of Georgia",+17705259630,,Marietta,GA,Roofing,https://myeliteroofer.com,Google Maps
,,"Bright Home Landscapes",+19166949635,,Sacramento,CA,Landscaping,https://www.brighthomelandscapes.com,Google Maps
,,"Salvador Landscape",+19165453388,,Sacramento,CA,Landscaping,https://salvadorlandscape.com,Google Maps
,,"A.D. Landscape Service",+19162652745,,Sacramento,CA,Landscaping,https://www.sacramentolandscapeservice.com,Google Maps
,,"Caligreen Landscaping",+19169995249,,Sacramento,CA,Landscaping,https://mycaligreen.com,Google Maps
,,"Loose Dirt Landscaping",+19162435120,,Sacramento,CA,Landscaping,https://loosedirt.com,Google Maps
