Business Name,Phone,City,State,Niche,Rating,Reviews,Website,Address,Hours Signal,Score
Mission Air Conditioning & Plumbing,(281) 502-2062,Houston,TX,HVAC,4.8,2846,https://www.missionac.com/locations/houston-tx/?utm_source=google&utm_medium=organic&utm_campaign=gbp,"1630 Elmview Dr, Houston, TX 77080, USA",Closes at 4:00 PM | Closed weekends,5
Cooper Plumbing | Houston Plumber,(832) 441-9683,Houston,TX,plumbing,4.9,510,https://www.cooperplumbinghouston.com/?utm_source=google&utm_medium=organic&utm_campaign=gmb-listing,"10825 Barely Ln, Houston, TX 77070, USA",Closes at 5:00 PM | Closed weekends,5
Mid-West Electric Company-Houston,(713) 681-0627,Houston,TX,electrical,4.9,50,https://mid-westelectric.com/,"3828 Pinemont Dr, Houston, TX 77018, USA",Closes at 5:00 PM | Closed weekends,5
Frontier Utilities,(866) 926-8192,Houston,TX,electrical,4.7,16421,https://www.frontierutilities.com/,"601 Travis St #1400, Houston, TX 77002, USA",Closes at 5:00 PM | Closed weekends,5
New View Roofing,(469) 232-7220,Dallas,TX,roofing,4.9,672,https://newviewroofing.com/?utm_source=google&utm_medium=organic&utm_campaign=gmb,"4722 Gaston Ave, Dallas, TX 75246, USA",Closes at 5:00 PM | Closed weekends,5
Priority Roofing,(469) 615-8193,Dallas,TX,roofing,5,939,https://priorityroofs.com/location/dallas/,"1420 W Mockingbird Ln Suite 540, Dallas, TX 75247, USA",Closes at 5:00 PM | Closed weekends,5
Reveles Roofing,(214) 900-8930,Dallas,TX,roofing,5,209,http://www.revelesroofing.com/,"5101 Parry Ave, Dallas, TX 75223, USA",Closes at 2:00 PM | Closed weekends,5
Blue Hammer Roofing,(469) 564-8357,Dallas,TX,roofing,4.9,1247,https://bluehammerroofing.com/areas-served/dallas/?utm_campaign=gmb&utm_medium=organic&utm_source=google,"8330 Lyndon B Johnson Fwy B604, Dallas, TX 75243, USA",Closes at 4:00 PM | Closed weekends,5
White Rock Roofing,(972) 362-9647,Dallas,TX,roofing,5,206,https://roofwhiterock.com/get-a-quote,"3500 Oak Lawn Ave #460, Dallas, TX 75219, USA",Closes at 3:00 PM | Closed weekends,5
Somers Plumbers - Phoenix Plumbing Company,(480) 568-2596,Phoenix,AZ,plumbing,5,296,https://www.somersplumbers.net/,"14039 N 8th Pl, Phoenix, AZ 85022, USA",Closes at 4:00 PM | Closed weekends,5
Simple Electric,(602) 290-4707,Phoenix,AZ,electrical,4.9,561,https://simpleelectricaz.com/,"1201 E Weldon Ave, Phoenix, AZ 85014, USA",Closes at 5:00 PM | Closed weekends,5
Turn It On Electric,(602) 962-7299,Phoenix,AZ,electrical,4.6,474,https://turnitonelectric.com/?utm_campaign=gmb,"1745 W Deer Valley Rd Ste 110, Phoenix, AZ 85027, USA",Closes at 4:00 PM | Closed weekends,5
Brown Roofing LLC,(602) 626-5559,Phoenix,AZ,roofing,4.9,267,https://www.brownroofingaz.com/,"11627 N 17th Pl, Phoenix, AZ 85020, USA",Closes at 3:00 PM | Closed weekends,5
Scott Roofing Company,(602) 442-7663,Phoenix,AZ,roofing,4.7,246,https://scottroofingco.com/,"24777 N 15th Ave, Phoenix, AZ 85085, USA",Closes at 3:30 PM | Closed weekends,5
JonLe Heating & Cooling,(513) 662-2282,Cincinnati,OH,HVAC,4.9,799,http://jonle.com/?utm_source=GBPl&utm_medium=localseo&utm_campaign=gbp,"4117 Bridgetown Rd, Cincinnati, OH 45211, USA",Closes at 3:00 PM | Closed weekends,5
Halpin Plumbing Inc,(513) 790-6985,Cincinnati,OH,plumbing,4.9,1141,https://www.halpinplumbing.com/?utm_source=GMBlisting&utm_medium=organic,"5177 Fishwick Dr, Cincinnati, OH 45216, USA",Closes at 4:30 PM | Closed weekends,5
Nieman Plumbing,(513) 851-5588,Cincinnati,OH,plumbing,4.8,499,http://www.niemanplumbing.com/,"2030 Stapleton Ct, Cincinnati, OH 45240, USA",Closes at 5:00 PM | Closed weekends,5
Leitner Electric Co,(513) 643-2113,Cincinnati,OH,electrical,4.9,112,https://www.leitnerelectric.com/,"11260 Cornell Park Dr Suite #707, Blue Ash, OH 45242, USA",Closes at 4:00 PM | Closed weekends,5
Cooper Electric,(513) 271-5000,Cincinnati,OH,electrical,4.7,309,http://cooper-electric.net/,"1769 Elmore St, Cincinnati, OH 45223, USA",Closes at 5:00 PM | Closed weekends,5
Frey Electric Inc,(513) 385-0700,Cincinnati,OH,electrical,4.3,49,http://www.freyelectric.com/,"5700 Cheviot Rd, Cincinnati, OH 45247, USA",Closes at 4:00 PM | Closed weekends,5
Molloy Roofing Company,(513) 791-7400,Cincinnati,OH,roofing,4.8,276,https://www.molloyroofing.com/,"11099 Deerfield Rd, Cincinnati, OH 45242, USA",Closes at 5:00 PM | Closed weekends,5
"Deer Park Roofing, LLC",(513) 224-5479,Cincinnati,OH,roofing,4.8,689,https://www.deerparkroofing.com/?utm_campaign=gmb,"7201 Blue Ash Rd, Cincinnati, OH 45236, USA",Closes at 5:00 PM | Closed weekends,5
"R & T Yoder Electric, Inc - Central Columbus",(614) 665-0445,Columbus,OH,electrical,4.9,110,https://www.yoderelectric.com/electrician-columbus-ohio/,"1581 N High St STE 109, Columbus, OH 43201, USA",Closes at 5:00 PM | Closed weekends,5
Quality Electric,(614) 431-9500,Columbus,OH,electrical,4.6,177,https://qualityohio.com/,"6200 Huntley Rd Suite D, Columbus, OH 43229, USA",Closes at 5:00 PM | Closed weekends,5
Ramos Roofing,(614) 761-7663,Columbus,OH,roofing,4.9,376,https://ramosroofingohio.com/,"201 Oak St, Columbus, OH 43235, USA",Closes at 4:00 PM | Closed weekends,5
"Newman Roofing, LLC",(614) 639-7663,Columbus,OH,roofing,5,1057,https://newmanroofing.com/?utm_source=google&utm_medium=organic&utm_campaign=gmb_listing,"825 Kintner Pkwy, Sunbury, OH 43074, USA",Closes at 5:00 PM | Closed weekends,5
Muth & Company Roofing,(614) 882-0900,Columbus,OH,roofing,4.8,398,https://muthroofing.com/,"5951 Westerville Rd, Westerville, OH 43081, USA",Closes at 5:00 PM | Closed weekends,5
JF Baker Roofing Company,(614) 297-7663,Columbus,OH,roofing,5,82,https://www.jfbakerroofing.com/?utm_source=Local&utm_medium=GBP&utm_campaign=googlemybusiness,"1496 Delashmut Ave, Columbus, OH 43212, USA",Closes at 5:00 PM | Closed weekends,5
Empire Heating & Air Conditioning Inc,(404) 294-0900,Atlanta,GA,HVAC,4.9,1151,https://www.empirehvac.com/?utm_source=GBP&utm_medium=organic&utm_campaign=Location+Link&utm_id=GBP+Link+Experiement,"783 Dekalb Industrial Way, Decatur, GA 30033, USA",Closes at 5:00 PM | Closed weekends,5
Estes Services,(404) 366-9620,Atlanta,GA,HVAC,4.9,4680,https://www.estesair.com/,"3981 Tradeport Blvd, Atlanta, GA 30354, USA",Closes at 4:00 PM | Closed weekends,5
Plumbing Express,(404) 236-6535,Atlanta,GA,plumbing,4.9,2044,https://plumbingexpress.com/?utm_campaign=gmb,"3050 Presidential Dr #202, Atlanta, GA 30340, USA",Closes at 5:00 PM | Closed weekends,5
Yunger-Allen Electrical Contractors Systems and Solutions LLC,(404) 939-3184,Atlanta,GA,electrical,5,43,http://www.yunger-allenelectrical.com/,"2002 Summit Blvd NE STE 300, Atlanta, GA 30319, USA",Closes at 5:00 PM | Closed weekends,5
Atlanta Roofing Specialists,(770) 284-6885,Atlanta,GA,roofing,4.9,359,https://www.atlantaroofingspecialists.com/,"1232 Sandtown Rd SW, Marietta, GA 30008, USA",Closes at 5:00 PM | Closed weekends,5
Bell Roofing,(404) 874-7663,Atlanta,GA,roofing,4.8,478,http://www.bellroofingco.com/,"2531 Briarcliff Rd NE Suite 109, Atlanta, GA 30329, USA",Closes at 5:00 PM | Closed weekends,5
WyattWorks Plumbing Charlotte,(704) 825-5000,Charlotte,NC,plumbing,4.9,1495,https://wyattworks.com/charlotte,"900 Remount Rd, Charlotte, NC 28203, USA",Closes at 4:00 PM | Closed weekends,5
Carolina Electric Pro’s,(704) 713-3793,Charlotte,NC,electrical,4.9,659,http://www.carolinaelectricpros.com/,"224 Foster Ave Suite A, Charlotte, NC 28203, USA",Closes at 4:00 PM | Closed weekends,5
Charlotte Roofing Specialists,(704) 610-6616,Charlotte,NC,roofing,4.9,230,https://www.charlotteroofing.com/?utm_source=g-local&utm_medium=organic&utm_campaign=GMB,"3605-B Latrobe Dr, Charlotte, NC 28211, USA",Closes at 5:00 PM | Closed weekends,5
Southern Star Roofing Charlotte,(704) 937-7663,Charlotte,NC,roofing,4.9,353,https://southernstarroofing.com/,"6132 Brookshire Blvd Suite I, Charlotte, NC 28216, USA",Closes at 5:00 PM | Closed weekends,5
Baker Roofing Company,(704) 587-3737,Charlotte,NC,roofing,4.7,60,https://bakerroofing.com/,"5432 Wyoming Ave, Charlotte, NC 28273, USA",Closes at 5:00 PM | Closed weekends,5
Roof Medic,(704) 228-7788,Charlotte,NC,roofing,4.9,530,https://roofmedic.com/,"7207 Matthews-Mint Hill Rd, Charlotte, NC 28227, USA",Closes at 5:00 PM | Closed weekends,5
South Nashville Heating & Cooling,(615) 834-1636,Nashville,TN,HVAC,4.9,501,http://www.southnashvillehvac.com/,"501 Veritas St, Nashville, TN 37211, USA",Closes at 5:00 PM | Closed weekends,5
100 Percent Plumbing,(615) 431-1100,Nashville,TN,plumbing,5,246,https://100percentplumbingtn.com/,"3200 West End Ave #500, Nashville, TN 37203, USA",Closes at 5:00 PM | Closed weekends,5
Hardy Electric,(615) 883-4003,Nashville,TN,electrical,4.9,115,http://www.hardyelectric.net/,"241 Craigmeade Dr #2406, Nashville, TN 37214, USA",Closes at 4:00 PM | Closed weekends,5
Dodd Electric,(615) 269-9994,Nashville,TN,electrical,4.4,33,http://www.doddelectric.com/,"2506 White Ave, Nashville, TN 37204, USA",Closes at 3:00 PM | Closed weekends,5
Nashville Roofing Company,(615) 800-4355,Nashville,TN,roofing,5,80,https://nashvilleroofingco.com/,"320 Seven Springs Way, Brentwood, TN 37027, USA",Closes at 3:00 PM | Closed weekends,5
Bill Ragan Roofing Company,(615) 242-0333,Nashville,TN,roofing,4.9,208,https://www.billraganroofing.com/,"2969 Armory Dr Suite 300, Nashville, TN 37204, USA",Closes at 2:00 PM | Closed weekends,5
Premium Plumbing,(813) 773-6486,Tampa,FL,plumbing,4.9,478,https://mypremiumplumbing.com/,"4706 N Thatcher Ave, Tampa, FL 33614, USA",Closes at 5:00 PM | Closed weekends,5
"Groves Electric, Inc.",(813) 789-3400,Tampa,FL,electrical,5,165,http://www.groveselectricinc.com/,"530 Luzon Ave, Tampa, FL 33606, USA",Closes at 5:00 PM | Closed weekends,5
Aguila Electrical Services Inc,(813) 515-6999,Tampa,FL,electrical,4.9,455,http://www.aguilaelectrical.com/,"5708 N 56th St, Tampa, FL 33610, USA",Closes at 5:00 PM | Closed weekends,5
The Weather Changers Heating and Air Conditioning,(303) 340-0077,Denver,CO,HVAC,5,1274,https://theweatherchangers.com/,"10525 E 40th Ave #203, Denver, CO 80239, USA",Closes at 5:00 PM | Closed weekends,5
Allstar Electrical Services,(303) 399-7420,Denver,CO,electrical,4.5,144,http://www.allstarelectrical.com/,"3311 E 42nd Ave, Denver, CO 80216, USA",Closes at 4:00 PM | Closed weekends,5
CT Electrical Services,(720) 298-5891,Denver,CO,electrical,4.9,100,https://ctelectricalco.com/?utm_source=googlebusinessprofile&utm_medium=organic,"12445 E 39th Ave #211, Denver, CO 80239, USA",Closes at 5:00 PM | Closed weekends,5
Premier Roofing Company,(303) 233-7663,Denver,CO,roofing,4.3,579,https://www.premier-roofing.com/locations/denver-roofing/?utm_source=google&utm_medium=local&utm_campaign=GMB&utm_content=Denver,"2570 W 8th Ave, Denver, CO 80204, USA",Closes at 5:00 PM | Closed weekends,5
Formula Roofing and Remodeling,(303) 600-8696,Denver,CO,roofing,4.8,471,http://www.formularoofing.com/,"4560 Columbine St, Denver, CO 80216, USA",Closes at 5:00 PM | Closed weekends,5
Blue Heating and Cooling,(816) 719-1099,Kansas,MO,HVAC,5,698,https://www.blueheatingandcooling.com/?utm_source=gbp&utm_medium=organic&utm_id=ifocus,"9926 MO-45, Parkville, MO 64152, USA",Closes at 4:30 PM | Closed weekends,5
Benjamin Franklin Plumbing of Kansas City,(816) 542-6434,Kansas,MO,plumbing,4.8,2690,https://www.benjaminfranklinplumbing.com/kansas-city/?utm_source=gbp&utm_medium=organic&utm_campaign=638273_-BF0089-,"712 SW 6th St, Lee's Summit, MO 64081, USA",Closes at 4:30 PM | Closed weekends,5
Jeremy Electrical,(913) 375-0070,Kansas,MO,electrical,4.9,689,http://www.jeremykc.com/,"4908 Johnson Dr, Mission, KS 66205, USA",Closes at 5:00 PM | Closed weekends,5
Pure Light Electric LLC,(913) 278-6049,Kansas,MO,electrical,5,142,http://purelightelectric.com/,"1800 Central St #202, Kansas City, MO 64108, USA",Closes at 5:00 PM | Closed weekends,5
Christian Brothers Roofing LLC,(816) 453-7663,Kansas,MO,roofing,5,1778,https://www.christianbrothersroofingllc.com/,"7514 N Oak Trafficway, Gladstone, MO 64118, USA",Closes at 3:00 PM | Closed weekends,5
JR & Co.,(816) 587-6148,Kansas,MO,roofing,4.8,301,http://www.jrcousa.com/,"1201 W 31st St #1, Kansas City, MO 64108, USA",Closes at 5:00 PM | Closed weekends,5
Garcia Roofing Kansas City,(816) 286-7387,Kansas,MO,roofing,5,199,http://www.garciaroofing.biz/,"119 W Gregory Blvd, Kansas City, MO 64113, USA",Closes at 5:00 PM | Closed weekends,5
Century Roofing,(913) 422-0099,Kansas,MO,roofing,4.8,357,https://www.centuryroofingkc.com/,"6 S 59th St Ln, Kansas City, KS 66102, USA",Closes at 4:00 PM | Closed weekends,5
Premier Roofing Company,(816) 254-7663,Kansas,MO,roofing,4.4,398,http://www.premier-roofing.com/locations/kansas-city-roofing/?utm_source=google&utm_medium=local&utm_campaign=GMB&utm_content=KansasCity,"10580 Barkley St # 450, Overland Park, KS 66212, USA",Closes at 5:00 PM | Closed weekends,5
Easton Roofing,(913) 257-5426,Kansas,MO,roofing,4.8,390,http://eastonroofing.com/,"1707 W 39th Ave, Kansas City, KS 66103, USA",Closes at 5:00 PM | Closed weekends,5
Best Roofing Kansas City,(913) 318-8097,Kansas,MO,roofing,4.9,131,https://bestroofinginkansascity.com/,"12022 Blue Valley Pkwy, Overland Park, KS 66213, USA",Closes at 3:00 PM | Closed weekends,5
Chambliss Plumbing Company,(210) 797-7471,San,TX,plumbing,5,1440,https://chamblissplumbing.com/?utm_source=google&utm_medium=listing,"1875 E Borgfeld Dr, San Antonio, TX 78260, USA",Closes at 5:00 PM | Closed weekends,5
"Big City Plumbing, LLC",(210) 499-1010,San,TX,plumbing,4.9,1148,https://bigcityplumbingsa.com/,"4274 GateCrest, San Antonio, TX 78217, USA",Closes at 5:00 PM | Closed weekends,5
Absolute Power Electrical Contractors,(210) 647-3138,San,TX,electrical,4.9,355,http://www.absolute-pwr.com/,"15454 Tradesman Dr STE 101, San Antonio, TX 78249, USA",Closes at 5:00 PM | Closed weekends,5
Jireh Electric - Electrician San Antonio TX,(210) 405-4407,San,TX,electrical,4.9,539,https://jirehelectric.com/?utm_campaign=gmb,"515 E Dickson Ave, San Antonio, TX 78214, USA",Closes at 4:00 PM | Closed weekends,5
Allgood Electric,(210) 255-4663,San,TX,electrical,4.8,766,https://allgoodelectric.com/?utm_source=GMB&utm_medium=organic&utm_campaign=GMB,"12106 Valliant St, San Antonio, TX 78216, USA",Closes at 4:30 PM | Closed weekends,5
Houston Plumbing Services,(713) 231-3309,Houston,TX,plumbing,4.9,220,https://www.houstonplumbingservices.com/,"7807 Long Point Rd #330, Houston, TX 77055, USA",Closes at 5:00 PM,3
North Valley Mechanical HVAC & Plumbing,(602) 975-4247,Phoenix,AZ,HVAC,4.9,1355,https://northvalleymechanical.com/,"2110 W Greenway Rd, Phoenix, AZ 85023, USA",Closes at 5:00 PM,3
Plumb Tite Plumbing & Drains,(513) 338-8483,Cincinnati,OH,plumbing,4.8,865,https://plumbtite.com/?utm_source=google&utm_medium=organic&utm_campaign=gmb-profile-cincinnati,"8442 Vine St, Cincinnati, OH 45216, USA",Closes at 5:00 PM,3
Nixco Plumbing Inc.,(513) 445-6600,Cincinnati,OH,plumbing,4.8,2178,https://nixcoplumbing.com/,"4281 US-42, Mason, OH 45040, USA",Closes at 5:00 PM,3
Advantage Roofing,(513) 467-6631,Cincinnati,OH,roofing,5,295,https://goroof1.com/?utm_source=Google+Busuiness+Account&utm_medium=Website+Button&utm_campaign=Google+Business+Profile,"5706 Carthage Ave, Cincinnati, OH 45212, USA",Closes at 5:00 PM,3
Columbus Roofing Company,(614) 756-2335,Columbus,OH,roofing,4.9,262,https://columbusroofingco.com/?utm_source=google&utm_medium=organic&utm_campaign=gbp_tracking,"5131 Post Rd #355, Dublin, OH 43017, USA",Closes at 5:00 PM,3
Charlotte Electrical Service,(704) 704-5909,Charlotte,NC,electrical,5,14,,"2513 Weddington Ave, Charlotte, NC 28204, USA",No website | Only 14 reviews,3
Pioneer Electric Company,(615) 975-8010,Nashville,TN,electrical,5,171,http://pioneerelectriccompany.com/,"4216 Long Hollow Pike, Goodlettsville, TN 37072, USA",Closes at 5:00 PM,3
Caldeco Air Conditioning & Heating,(813) 254-2211,Tampa,FL,HVAC,4.8,1133,http://www.caldeco.com/,"1709 N Howard Ave, Tampa, FL 33607, USA",Closes at 5:00 PM,3
Hoffman Electrical & A/C,(855) 644-1365,Tampa,FL,electrical,4.8,4033,https://hoffmanelectrical.com/?utm_source=google&utm_medium=organic&utm_campaign=GMBListing-Tampa-FL,"1909 N 57th St, Tampa, FL 33619, USA",Closes at 5:00 PM,3
"AB Electrical, Inc.",(816) 350-0062,Kansas,MO,electrical,4.8,16,http://ab-elec.com/,"3340 The Paseo, Kansas City, MO 64109, USA",Closed weekends | Only 16 reviews,3
Ace Comfort Air Conditioning & Heating,(281) 658-5141,Houston,TX,HVAC,5,174,http://www.acecomfort-tx.com/,"601 Milwaukee St, Houston, TX 77009, USA",Closed weekends,2
Reliant Energy,(866) 222-7100,Houston,TX,electrical,4.5,6153,https://www.reliant.com/en/residential/electricity/areas-we-serve/greater-houston-area/houston?utm_source=google&utm_medium=organic&utm_campaign=gbp,"1301 McKinney St Suite 48000, Houston, TX 77010, USA",Closed weekends,2
Action Electric Co,(713) 392-5795,Houston,TX,electrical,4.9,103,,"11526 Dunlap St, Houston, TX 77035, USA",No website,2
EZ Roof and Construction,(832) 979-5409,Houston,TX,roofing,4.9,545,https://ezroofhouston.com/?utm_source=google&utm_medium=organic&utm_campaign=gmb,"6613 W Sam Houston Pkwy N, Houston, TX 77041, USA",Closed weekends,2
Super Electric,(602) 904-6842,Phoenix,AZ,electrical,4.7,301,,"4640 E McDowell Rd, Phoenix, AZ 85008, USA",No website,2
Phoenix Best Electricians,(602) 780-1140,Phoenix,AZ,electrical,4.8,124,,"8929 N Central Ave #53C, Phoenix, AZ 85020, USA",No website,2
Phoenix Electrician | OE Electric,(602) 715-9346,Phoenix,AZ,electrical,4.7,57,https://oeelectricllc.com/,"3032 W Pima St, Phoenix, AZ 85009, USA",Closed weekends,2
Gideon Service Company,(480) 916-0842,Phoenix,AZ,electrical,5,183,https://www.gideonservicecompany.com/,"2942 N 24th St #201, Phoenix, AZ 85016, USA",Closed weekends,2
The Local Plumber LLC,(614) 230-6086,Columbus,OH,plumbing,5,329,http://localplumbercolumbus.com/,"461 Industry Dr, Columbus, OH 43204, USA",Closed weekends,2
Buckeye Electric of Upper Arlington,(614) 705-6220,Columbus,OH,electrical,4.4,31,https://buckeyeelectric.com/,"470 W Broad St UNIT 707, Columbus, OH 43215, USA",Closed weekends,2
Able Roofing,(614) 444-7663,Columbus,OH,roofing,4.5,1160,https://ableroof.com/,"4777 Westerville Rd, Columbus, OH 43231, USA",Closed weekends,2
Comfort Atlanta Heating & Air,(770) 874-4033,Atlanta,GA,HVAC,5,413,http://www.comfortatlanta.com/,"10945 State Bridge Rd #401, Johns Creek, GA 30022, USA",Closed weekends,2
Peach Plumbing & Drain,(470) 202-4440,Atlanta,GA,plumbing,4.9,835,https://peachplumbingatlanta.com/?utm_source=google&utm_medium=gbp-atl&se_campaign=GBP%20-%20Peach%20Atlanta,"1876 Defoor Ave NW STE 7, Atlanta, GA 30318, USA",Closed weekends,2
McCall Enterprises,(770) 484-6402,Atlanta,GA,electrical,5,514,https://mccallent.com/?y_source=1_MTgzNjUxOTQtNzE1LWxvY2F0aW9uLndlYnNpdGU=,"260 Peachtree St NW Suite 2200, Atlanta, GA 30303, USA",Closed weekends,2
The Electrician,(404) 256-0169,Atlanta,GA,electrical,5,448,https://www.theelectricianatlanta.com/,"20 S Battery Pl, Atlanta, GA 30342, USA",Closed weekends,2
Robinson Electric Company,(404) 618-9529,Atlanta,GA,electrical,4.9,294,https://robinsonelectricco.com/,"2654 Wood Gate Way SW, Snellville, GA 30078, USA",Closed weekends,2
1st Generation Electric LLC,(404) 789-4596,Atlanta,GA,electrical,5,112,http://firstgenelectric.com/,"3571 S Fulton Ave, Atlanta, GA 30354, USA",Closed weekends,2
Bumble Roofing of North Atlanta,(470) 354-3188,Atlanta,GA,roofing,5,115,https://bumbleroofing.com/north-atlanta,"915 W Peachtree St NW Suite 10110, Atlanta, GA 30309, USA",Closed weekends,2
Charlotte Heating & Air,(704) 330-3177,Charlotte,NC,HVAC,5,987,https://charlotteheatingair.com/?utm_source=google+business+listing+&utm_medium=organic&utm_campaign=website+button,"8621 Fairview Rd B, Mint Hill, NC 28227, USA",Closed weekends,2
AAA City Plumbing,(704) 544-1909,Charlotte,NC,plumbing,4.9,1348,https://www.aaacityplumbing.com/,"227 W 4th St #312, Charlotte, NC 28202, USA",Closed weekends,2
U.S. Electric Contractors,(980) 225-1458,Charlotte,NC,electrical,5,147,http://www.uselectriccontractors.com/,"3434 Monroe Rd, Charlotte, NC 28205, USA",Closed weekends,2
Carolina Roof Consultants,(704) 277-4582,Charlotte,NC,roofing,5,851,http://www.carolinaroofconsultants.com/,"1237 Tyvola Rd B, Charlotte, NC 28210, USA",Closed weekends,2
Nashville Electric Service,(615) 736-6900,Nashville,TN,electrical,2,1004,http://www.nespower.com/,"1214 Church St #100, Nashville, TN 37246, USA",Closed weekends,2
"Empower Electric, LLC",(615) 889-1434,Nashville,TN,electrical,4.5,33,http://www.empower-electric.com/,"321 Homestead Rd, Nashville, TN 37207, USA",Closed weekends,2
Force,(813) 328-7223,Tampa,FL,electrical,4.9,734,https://www.forceelectricservice.com/,"8910 N Dale Mabry Hwy UNIT 36, Tampa, FL 33614, USA",Closed weekends,2
Stay Dry Roofing of Tampa Bay Inc.,(813) 232-9430,Tampa,FL,roofing,4.5,193,http://www.staydryfl.com/,"4700 N Florida Ave, Tampa, FL 33603, USA",Closed weekends,2
Table Mountain Electric Inc,(720) 742-4233,Denver,CO,electrical,4.9,417,https://tablemountainelectric.com/?utm_campaign=gmb,"5160 Parfet St Unit B5, Wheat Ridge, CO 80033, USA",Closed weekends,2
"Interstate Roofing, Inc.",(303) 763-9114,Denver,CO,roofing,4.7,955,https://www.interstateroof.com/,"1000 W 47th Ave, Denver, CO 80211, USA",Closed weekends,2
Core Roofing + Solar,(720) 794-9144,Denver,CO,roofing,4.9,410,https://www.coreroofing.com/?utm_source=gmb&utm_medium=organic&utm_campaign=listing,"4049 St Paul St, Denver, CO 80216, USA",Closed weekends,2
Kansas City Roofing Company,(816) 269-0058,Kansas,MO,roofing,5,58,https://kcroofingcompany.com/,"9140 E State Rte 350, Raytown, MO 64133, USA",Closed weekends,2
George Plumbing Co.,(210) 740-0748,San,TX,plumbing,4.9,570,https://yell4george.com/?utm_source=google&utm_medium=organic&utm_campaign=GMBListing-LG-San-Antonio,"12 Burwood Ln, San Antonio, TX 78216, USA",Closed weekends,2
KJ Electric Co. Inc.,(210) 736-6155,San,TX,electrical,4.8,51,,"2630 Culebra Rd, San Antonio, TX 78228, USA",No website,2
LM Electric,(830) 318-6993,San,TX,electrical,4.9,52,https://www.lmelectricsa.com/,"1723 Capitol Ave, San Antonio, TX 78201, USA",Closed weekends,2
