Business Name,Phone,Phone_Normalized,City,State,Niche,Reviews,Rating,Website,Verified
The Katy Plumbing Company Heating & Air,(281) 653-8269,+12816538269,Houston,TX,HVAC,3450,4.9,,No
John Moore Services,(713) 853-9881,+17138539881,Houston,TX,HVAC,19087,4.7,,No
Air Tech of Houston AC & Plumbing,(832) 680-5546,+18326805546,Houston,TX,HVAC,5753,4.9,,No
Mission Air Conditioning & Plumbing,(281) 502-2062,+12815022062,Houston,TX,HVAC,2842,4.8,,No
Bellaire Air Conditioning,(713) 428-2279,+17134282279,Houston,TX,HVAC,472,4.9,https://www.bellaireair.com,No
The Lee Thompson Co,(713) 688-6900,+17136886900,Houston,TX,HVAC,420,4.9,,No
"All Star A/C, Plumbing & Electrical",(713) 842-9532,+17138429532,Houston,TX,HVAC,1798,4.9,,No
House Pro Air Conditioning,(281) 941-6471,+12819416471,Houston,TX,HVAC,1381,4.7,https://www.houseproac.com,No
Be Cool AC & Heating,(832) 906-6113,+18329066113,Houston,TX,HVAC,575,5.0,,No
"All American AC & Heating, LLC.",(281) 968-4505,+12819684505,Houston,TX,HVAC,925,4.8,https://allamericanacandheat.com,No
One Hour Air Conditioning & Heating of Houston,(281) 407-9754,+12814079754,Houston,TX,HVAC,10085,4.8,https://www.onehourheatandair.com/houston,No
"Master AC and Heat, LLC- The Heights",(713) 750-9769,+17137509769,Houston,TX,HVAC,165,4.8,,No
Royal Air Houston,(832) 334-5959,+18323345959,Houston,TX,HVAC,8264,4.6,https://www.royalairhouston.com,No
"Abacus Plumbing, Air Conditioning, & Electrical",(713) 812-7070,+17138127070,Houston,TX,HVAC,11739,4.7,,No
Richmonds Air,(713) 999-4735,+17139994735,Houston,TX,HVAC,356,4.8,https://www.richmondsair.com,No
Dave Lanes Hi-Tech Mechanical Inc.,(713) 465-6345,+17134656345,Houston,TX,HVAC,1008,4.9,http://www.davelaneair.com,No
75 Degree AC- Houston,(713) 598-2737,+17135982737,Houston,TX,HVAC,222,5.0,https://75degreeac.com,No
Excel Air,(713) 300-2803,+17133002803,Houston,TX,HVAC,453,4.9,,No
Ace Comfort Air Conditioning & Heating,(281) 658-5141,+12816585141,Houston,TX,HVAC,174,5.0,,No
AIRTEAM Heating & Cooling,(713) 936-5346,+17139365346,Houston,TX,HVAC,1450,4.8,http://www.airteamltd.com,No
Houston Smart Air Cooling and Heating,(281) 809-6444,+12818096444,Houston,TX,HVAC,152,4.9,,No
"Peter's Plumbing & Remodeling, LLC",(832) 301-8531,+18323018531,Houston,TX,Plumbing,123,4.9,,No
Houston Plumbing Services,(713) 231-3309,+17132313309,Houston,TX,Plumbing,220,4.9,,No
Nick's Plumbing & Air Conditioning,(713) 868-9907,+17138689907,Houston,TX,Plumbing,4030,4.7,,No
"Village Plumbing, Air & Electric",(281) 607-5357,+12816075357,Houston,TX,Plumbing,9577,4.8,,No
GEI Plumbing Services Houston,(832) 402-8312,+18324028312,Houston,TX,Plumbing,653,4.8,,No
Texas Plumbing,(713) 478-5766,+17134785766,Houston,TX,Plumbing,173,4.6,,No
Texas Quality Plumbing,(713) 385-0349,+17133850349,Houston,TX,Plumbing,3725,4.8,,No
Halo Plumbing Services,(346) 642-5698,+13466425698,Houston,TX,Plumbing,524,4.8,,No
Cooper Plumbing | Houston Plumber,(832) 441-9683,+18324419683,Houston,TX,Plumbing,510,4.9,,No
David Hicks Plumbing,(713) 528-0141,+17135280141,Houston,TX,Plumbing,195,4.6,,No
One plumbing expert houston,(346) 489-5622,+13464895622,Houston,TX,Plumbing,55,5.0,,No
"C&R Plumbing Services, LLC.",(713) 231-8555,+17132318555,Houston,TX,Plumbing,68,4.9,,No
GC&more. Plomeros en Houston & Construction,(832) 454-1397,+18324541397,Houston,TX,Plumbing,146,4.9,,No
Aberle Plumbing LLC,(281) 458-5911,+12814585911,Houston,TX,Plumbing,482,4.9,,No
H-Town Plumbers,(832) 318-0390,+18323180390,Houston,TX,Plumbing,273,4.9,,No
Paul Richard Electric,(832) 206-7990,+18322067990,Houston,TX,Electrical,162,4.7,,No
"A1 Plus Electrical, Plumbing and Air",(832) 509-5747,+18325095747,Houston,TX,Electrical,4558,4.8,,No
Mid-West Electric Company-Houston,(713) 681-0627,+17136810627,Houston,TX,Electrical,50,4.9,,No
Mr. Electric of Houston Midtown,(832) 844-6353,+18328446353,Houston,TX,Electrical,509,4.8,,No
Electrical Masters Company Inc.,(832) 970-3101,+18329703101,Houston,TX,Electrical,102,5.0,,No
Action Electric Co,(713) 392-5795,+17133925795,Houston,TX,Electrical,102,4.9,,No
Colwell Electric,(713) 322-6452,+17133226452,Houston,TX,Electrical,218,4.9,,No
"West Houston Electric, Inc.",(281) 747-8821,+12817478821,Houston,TX,Electrical,2255,4.9,,No
Harvest Electrical Solutions,(832) 584-8448,+18325848448,Houston,TX,Electrical,348,5.0,,No
Camden Electric LLC,(832) 212-3118,+18322123118,Houston,TX,Electrical,51,4.9,,No
Nextdoor Electric,(832) 841-3889,+18328413889,Houston,TX,Electrical,337,4.9,,No
Dynamic Electric Inc,(713) 896-3123,+17138963123,Houston,TX,Electrical,172,4.8,,No
Electrical Works of Houston,(713) 476-0429,+17134760429,Houston,TX,Electrical,56,5.0,,No
Right Touch Electrical West Houston,(281) 519-7485,+12815197485,Houston,TX,Electrical,85,4.9,,No
"Definite Electric, LLC",(832) 580-9613,+18325809613,Houston,TX,Electrical,67,4.9,,No
Mister Sparky Electrician Houston,(713) 428-2120,+17134282120,Houston,TX,Electrical,1129,4.8,,No
Innovative Skylights & Attics,(713) 466-1551,+17134661551,Houston,TX,Roofing,115,4.8,,No
JC&C Roofing Company,(281) 498-7663,+12814987663,Houston,TX,Roofing,397,4.8,,No
Houston Roofing & Construction,(832) 237-3737,+18322373737,Houston,TX,Roofing,326,4.9,,No
Amstill Roofing,(281) 612-8747,+12816128747,Houston,TX,Roofing,1641,4.9,,No
EZ Roof and Construction,(832) 979-5409,+18329795409,Houston,TX,Roofing,544,4.9,,No
"Precision Roof Crafters, Inc.",(713) 497-1211,+17134971211,Houston,TX,Roofing,403,4.9,,No
Priority Roofing,(281) 380-0357,+12813800357,Houston,TX,Roofing,344,5.0,,No
Best Roofing and Construction LLC,(832) 655-5418,+18326555418,Houston,TX,Roofing,52,4.9,,No
All Over Exterior Roofing,(281) 846-6665,+12818466665,Houston,TX,Roofing,240,5.0,,No
Houston Roofing Experts,(713) 291-3866,+17132913866,Houston,TX,Roofing,112,4.9,,No
Monarch Roofing Houston,(832) 215-0987,+18322150987,Houston,TX,Roofing,156,4.7,,No
Advanced Roofing Solutions LLC,(832) 430-7374,+18324307374,Houston,TX,Roofing,230,4.8,,No
State Roofing Company,(281) 293-7000,+12812937000,Houston,TX,Roofing,135,4.9,,No
314 Roofing Solutions,(832) 909-1681,+18329091681,Houston,TX,Roofing,1146,5.0,,No
TX Roofing & Services,(713) 820-2302,+17138202302,Houston,TX,Roofing,83,4.9,,No
Moss Roofing Houston,(832) 840-8027,+18328408027,Houston,TX,Roofing,621,5.0,,No
Rose Roofing,(713) 849-5155,+17138495155,Houston,TX,Roofing,432,4.9,,No
West Shore Home,(866) 727-5031,+18667275031,Houston,TX,General Contractor,890,4.9,,No
HM General Contractors,(713) 947-6548,+17139476548,Houston,TX,General Contractor,62,4.6,,No
Houston Remodeling Contractors,(713) 597-1604,+17135971604,Houston,TX,General Contractor,63,4.2,,No
Houston Construction Pro,(832) 810-5377,+18328105377,Houston,TX,General Contractor,58,5.0,,No
RJT Construction LLC,(832) 979-4175,+18329794175,Houston,TX,General Contractor,111,4.9,,No
Platinum Construction Houston,(832) 803-0984,+18328030984,Houston,TX,General Contractor,63,4.7,,No
SK Houston Constructions,(832) 249-7807,+18322497807,Houston,TX,General Contractor,140,4.9,,No
Unique Builders and Remodeling Houston,(713) 903-3233,+17139033233,Houston,TX,General Contractor,177,4.6,,No
Luxurious Construction LLC,(281) 901-2563,+12819012563,Houston,TX,General Contractor,89,5.0,,No
Manuel and Sons Service Co.,(210) 549-4839,+12105494839,San Antonio,TX,HVAC,160,4.8,,No
Goettl Air Conditioning and Plumbing - San Antonio TX,(210) 460-3966,+12104603966,San Antonio,TX,HVAC,10307,4.8,,No
TemperaturePro San Antonio,(210) 624-8776,+12106248776,San Antonio,TX,HVAC,858,5.0,,No
Rosenberg Plumbing & Air,(210) 503-7388,+12105037388,San Antonio,TX,HVAC,2540,4.9,,No
ASC Heating & Air Conditioning,(210) 761-5130,+12107615130,San Antonio,TX,HVAC,530,4.9,,No
Air Authority LLC,(210) 809-6493,+12108096493,San Antonio,TX,HVAC,618,4.8,,No
Will Fix It,(210) 866-8048,+12108668048,San Antonio,TX,HVAC,8854,4.6,,No
Champion AC - Climate Magic,(210) 972-8796,+12109728796,San Antonio,TX,HVAC,440,4.9,,No
Comfort-Air Engineering & Primo Plumbing,(210) 672-1874,+12106721874,San Antonio,TX,HVAC,481,4.8,,No
Cowboy's Air Conditioning & Heating,(210) 405-8925,+12104058925,San Antonio,TX,HVAC,3911,4.7,,No
Radiant Plumbing & Air Conditioning,(210) 934-3761,+12109343761,San Antonio,TX,HVAC,2135,4.8,,No
Zero Heating AC & Refrigeration,(210) 900-0824,+12109000824,San Antonio,TX,HVAC,517,5.0,,No
Zimmermann Air Conditioning & Heating,(210) 340-8283,+12103408283,San Antonio,TX,HVAC,1091,4.9,,No
AC Doctors,(210) 543-2237,+12105432237,San Antonio,TX,HVAC,285,4.9,,No
Air Dynamics Mechanical,(210) 852-3535,+12108523535,San Antonio,TX,HVAC,225,4.9,,No
EZ Air Conditioning & Heating,(210) 558-7883,+12105587883,San Antonio,TX,HVAC,582,4.9,,No
AIR SYSTEMS A/C-HEATING AND REFRIGERATION,(210) 738-2665,+12107382665,San Antonio,TX,HVAC,294,4.9,,No
Blueline Heating & Air Conditioning LLC,(210) 686-5500,+12106865500,San Antonio,TX,HVAC,321,5.0,,No
Reliant Plumbing - San Antonio,(210) 468-8020,+12104688020,San Antonio,TX,Plumbing,556,4.7,,No
George Plumbing Co.,(210) 740-0748,+12107400748,San Antonio,TX,Plumbing,569,4.9,,No
"Big City Plumbing, LLC",(210) 499-1010,+12104991010,San Antonio,TX,Plumbing,1142,4.9,,No
City Base Plumbing,(210) 724-6225,+12107246225,San Antonio,TX,Plumbing,405,4.9,,No
San Antonio Plumbing,(210) 520-3333,+12105203333,San Antonio,TX,Plumbing,1052,4.8,,No
Chambliss Plumbing Company,(210) 797-7471,+12107977471,San Antonio,TX,Plumbing,1433,5.0,,No
1st Call Plumbing & AC,(210) 446-0200,+12104460200,San Antonio,TX,Plumbing,1968,4.9,,No
Ambition Plumbing & Drain Services,(210) 209-3510,+12102093510,San Antonio,TX,Plumbing,594,4.9,,No
J. R.'s Plumbing,(210) 731-8433,+12107318433,San Antonio,TX,Plumbing,107,4.4,,No
Mr. Plumber Plumbing Co.,(210) 684-7010,+12106847010,San Antonio,TX,Plumbing,1641,4.8,,No
PlumbSmart,(210) 810-0810,+12108100810,San Antonio,TX,Plumbing,1020,4.9,,No
Mai Vu Plumbing,(210) 393-1488,+12103931488,San Antonio,TX,Plumbing,531,4.9,,No
Smith & Sons Plumbing,(210) 338-0046,+12103380046,San Antonio,TX,Plumbing,157,4.9,,No
Beyer Plumbing Company,(210) 245-8053,+12102458053,San Antonio,TX,Plumbing,139,4.9,,No
Roadrunner Plumbing & Air,(210) 763-2721,+12107632721,San Antonio,TX,Plumbing,649,4.9,,No
J.C. Enriquez Plumbing & Restoration,(210) 830-8243,+12108308243,San Antonio,TX,Plumbing,418,4.5,,No
Juan's Plumbing Services,(210) 514-3476,+12105143476,San Antonio,TX,Plumbing,141,4.9,,No
Denali Electric LLC,(210) 328-1115,+12103281115,San Antonio,TX,Electrical,152,5.0,,No
Citywide Electric,(210) 857-0899,+12108570899,San Antonio,TX,Electrical,153,4.9,,No
Jireh Electric - Electrician San Antonio TX,(210) 405-4407,+12104054407,San Antonio,TX,Electrical,537,4.9,,No
Mr. Electric of San Antonio,(210) 468-1100,+12104681100,San Antonio,TX,Electrical,1149,4.8,,No
Bolt Electric,(210) 545-2658,+12105452658,San Antonio,TX,Electrical,304,4.9,,No
Absolute Power Electrical Contractors,(210) 647-3138,+12106473138,San Antonio,TX,Electrical,355,4.9,,No
Allgood Electric,(210) 255-4663,+12102554663,San Antonio,TX,Electrical,766,4.8,,No
Sunbelt Electric San Antonio,(210) 765-2434,+12107652434,San Antonio,TX,Electrical,82,4.7,,No
All Star Electric,(210) 391-0274,+12103910274,San Antonio,TX,Electrical,106,4.7,,No
"Wired Generations Electrical Contractors, LLC",(726) 800-4519,+17268004519,San Antonio,TX,Electrical,99,5.0,,No
LM Electric,(830) 318-6993,+18303186993,San Antonio,TX,Electrical,52,4.9,,No
Pro Electric San Antonio,(726) 762-9737,+17267629737,San Antonio,TX,Electrical,50,4.5,,No
Bell Electric LLC,(210) 422-5547,+12104225547,San Antonio,TX,Electrical,113,4.8,,No
"4A Electrical Services, LLC",(210) 621-8687,+12106218687,San Antonio,TX,Electrical,291,5.0,,No
KJ Electric Co. Inc.,(210) 736-6155,+12107366155,San Antonio,TX,Electrical,51,4.8,,No
Bondoc Roofing: San Antonio Roofing Company,(210) 796-1096,+12107961096,San Antonio,TX,Roofing,1257,4.9,,No
Rhino Roofers: San Antonio Roofing Company,(210) 756-2834,+12107562834,San Antonio,TX,Roofing,1334,5.0,,No
Presidio Roofing Company of San Antonio,(210) 920-7906,+12109207906,San Antonio,TX,Roofing,309,5.0,,No
Texas Family Roofing,(210) 941-2858,+12109412858,San Antonio,TX,Roofing,882,4.9,,No
Stephens Roofing & Remodeling,(210) 785-0994,+12107850994,San Antonio,TX,Roofing,581,4.5,,No
BH Roofing: San Antonio Roofing Company,(210) 267-9029,+12102679029,San Antonio,TX,Roofing,434,4.9,,No
Rox Roofing,(210) 903-8139,+12109038139,San Antonio,TX,Roofing,311,4.9,,No
Premier Roofing and Contracting,(210) 867-6001,+12108676001,San Antonio,TX,Roofing,206,4.9,,No
Integrity Roofing & Siding,(210) 340-7663,+12103407663,San Antonio,TX,Roofing,328,4.8,,No
Ideal Precision Roofing & Exteriors LLC,(210) 485-1553,+12104851553,San Antonio,TX,Roofing,385,4.9,,No
Apex Roofing & General Contractors,(726) 727-7663,+17267277663,San Antonio,TX,Roofing,189,4.9,,No
Shield Roofing: San Antonio Roofing Company,(210) 348-3680,+12103483680,San Antonio,TX,Roofing,335,5.0,,No
Two Brothers Roofing,(210) 361-4013,+12103614013,San Antonio,TX,Roofing,167,4.9,,No
Dolan Roofing & Construction,(210) 361-4924,+12103614924,San Antonio,TX,Roofing,432,5.0,,No
Cool Roofs - San Antonio,(726) 227-3008,+17262273008,San Antonio,TX,Roofing,226,5.0,,No
Blues Crews,(830) 360-2583,+18303602583,San Antonio,TX,Roofing,426,5.0,,No
GMG Construction of South Texas,(210) 260-7951,+12102607951,San Antonio,TX,General Contractor,99,4.8,,No
Premium Construction San Antonio,(210) 610-5003,+12106105003,San Antonio,TX,General Contractor,838,4.4,,No
Herbert H. Construction,(210) 338-1824,+12103381824,San Antonio,TX,General Contractor,100,4.9,,No
ALO General Contractor,(210) 548-3906,+12105483906,San Antonio,TX,General Contractor,92,4.8,,No
INDOOR EXPERTS HEATING & AIR CONDITIONING,(678) 506-2226,+16785062226,Atlanta,GA,HVAC,102,4.8,,No
"Essential Heating & Air Conditioning, Inc.",(770) 210-4822,+17702104822,Atlanta,GA,HVAC,269,4.8,,No
ATLANTA HVAC PROS,(404) 962-0203,+14049620203,Atlanta,GA,HVAC,57,4.8,,No
Esquire Heating And Air,(404) 397-8224,+14043978224,Atlanta,GA,HVAC,84,4.9,,No
Mayott Heating and Air Conditioning,(678) 698-7840,+16786987840,Atlanta,GA,HVAC,347,4.8,,No
O'Callaghan Heating & Air Conditioning,(404) 577-6885,+14045776885,Atlanta,GA,HVAC,587,4.9,,No
Rodeo Plumbing of Atlanta,(404) 470-0443,+14044700443,Atlanta,GA,Plumbing,454,5.0,,No
Morningside Plumbing,(404) 873-1881,+14048731881,Atlanta,GA,Plumbing,330,4.8,,No
McCall Enterprises,(770) 484-6402,+17704846402,Atlanta,GA,Electrical,514,5.0,,No
Pat Murphy Electric Inc.,(404) 577-4191,+14045774191,Atlanta,GA,Electrical,825,4.9,,No
The Electrician,(404) 256-0169,+14042560169,Atlanta,GA,Electrical,448,5.0,,No
1st Generation Electric LLC,(404) 789-4596,+14047894596,Atlanta,GA,Electrical,112,5.0,,No
Handy Electrician,(678) 873-5674,+16788735674,Atlanta,GA,Electrical,215,4.9,,No
Yara Electric,(843) 991-3654,+18439913654,Atlanta,GA,Electrical,77,4.9,,No
Mr Wise Electric,(404) 671-9488,+14046719488,Atlanta,GA,Electrical,108,4.8,,No
"Castle Roofing Atlanta, GA",(470) 601-6422,+14706016422,Atlanta,GA,Roofing,597,4.8,,No
Colony Roofers,(470) 465-9624,+14704659624,Atlanta,GA,Roofing,409,4.9,,No
Mr. Roofer,(770) 637-3874,+17706373874,Atlanta,GA,Roofing,185,4.9,,No
The Cool Roofing Company Atlanta,(888) 216-1766,+18882161766,Atlanta,GA,Roofing,98,4.9,,No
Bell Roofing,(404) 874-7663,+14048747663,Atlanta,GA,Roofing,478,4.8,,No
Mosaic Roofing Company LLC,(404) 260-3168,+14042603168,Atlanta,GA,Roofing,104,5.0,,No
Bumble Roofing of North Atlanta,(470) 354-3188,+14703543188,Atlanta,GA,Roofing,115,5.0,,No
YMH Construction,(404) 483-8261,+14044838261,Atlanta,GA,General Contractor,58,5.0,,No
CRM Construction & Renovation,(470) 418-6437,+14704186437,Atlanta,GA,General Contractor,56,5.0,,No
1st Choice Custom Homes and Remodel ATL,(678) 640-2272,+16786402272,Atlanta,GA,General Contractor,116,4.9,,No
Affordable Remodeling,(404) 531-9292,+14045319292,Atlanta,GA,General Contractor,195,4.7,,No
Ken Muncy Air Conditioning,(480) 267-9159,+14802679159,Phoenix,AZ,HVAC,279,5.0,,No
APES HVAC & Plumbing,(833) 851-3167,+18338513167,Phoenix,AZ,HVAC,2493,4.9,,No
AZ Perfect Comfort Heating & Cooling,(602) 858-8261,+16028588261,Phoenix,AZ,HVAC,711,4.9,,No
"Maloney Plumbing & Drain Services in Phoenix, AZ",(602) 671-3617,+16026713617,Phoenix,AZ,Plumbing,1061,4.9,,No
"Robins Plumbing, Inc",(623) 486-4657,+16234864657,Phoenix,AZ,Plumbing,1287,4.9,,No
Somers Plumbers - Phoenix Plumbing Company,(480) 568-2596,+14805682596,Phoenix,AZ,Plumbing,295,5.0,,No
"Benjamin Franklin Plumbing of Phoenix, AZ",(480) 223-9348,+14802239348,Phoenix,AZ,Plumbing,1912,4.8,,No
Custom Plumbing of Arizona - Phoenix,(602) 866-2665,+16028662665,Phoenix,AZ,Plumbing,643,4.7,,No
The Aussie Plumber,(602) 820-5551,+16028205551,Phoenix,AZ,Plumbing,963,5.0,,No
Simba Plumbing LLC,(602) 962-3537,+16029623537,Phoenix,AZ,Plumbing,539,4.9,,No
Rooter Hero Plumbing & Air of Phoenix,(480) 351-0043,+14803510043,Phoenix,AZ,Plumbing,1366,4.7,,No
Anthony's Plumbing,(623) 936-5400,+16239365400,Phoenix,AZ,Plumbing,645,4.8,,No
"Reeis Air Conditioning, Plumbing & Electrical",(480) 969-7500,+14809697500,Phoenix,AZ,Electrical,1651,4.9,,No
Simple Electric,(602) 290-4707,+16022904707,Phoenix,AZ,Electrical,559,4.9,,No
Turn It On Electric,(602) 962-7299,+16029627299,Phoenix,AZ,Electrical,474,4.6,,No
Super Electric,(602) 904-6842,+16029046842,Phoenix,AZ,Electrical,301,4.7,,No
Phoenix Electrician | OE Electric,(602) 715-9346,+16027159346,Phoenix,AZ,Electrical,57,4.7,,No
Phoenix Best Electricians,(602) 780-1140,+16027801140,Phoenix,AZ,Electrical,124,4.8,,No
Mr. Electric of Phoenix Metro,(480) 582-1249,+14805821249,Phoenix,AZ,Electrical,1250,4.9,,No
P. J. Hussey Construction,(623) 934-2424,+16239342424,Phoenix,AZ,General Contractor,109,4.9,,No
Princeton Construction,(602) 603-1102,+16026031102,Phoenix,AZ,General Contractor,50,4.9,,No
Arizona Construction & Restoration,(602) 257-8444,+16022578444,Phoenix,AZ,General Contractor,73,4.4,,No
Phoenix Home Remodeling,(602) 492-8205,+16024928205,Phoenix,AZ,General Contractor,129,5.0,,No
"Heart Heating, Cooling, Plumbing & Electric",(720) 712-0649,+17207120649,Denver,CO,HVAC,2909,4.8,,No
"Rogers & Sons, Inc.",(720) 729-3521,+17207293521,Denver,CO,HVAC,332,4.7,,No
Premier Mechanical,(720) 207-6812,+17202076812,Denver,CO,HVAC,159,5.0,,No
"Tipping Hat Plumbing, Heating & Electric",(303) 222-4289,+13032224289,Denver,CO,Plumbing,6843,4.7,,No
MCCARRICK ELECTRIC,(720) 601-1991,+17206011991,Denver,CO,Electrical,124,5.0,,No
All Electric,(720) 951-4619,+17209514619,Denver,CO,Electrical,403,4.9,,No
"Williams and Sons Electric, LLC.",(303) 762-9484,+13037629484,Denver,CO,Electrical,81,4.9,,No
CT Electrical Services,(720) 298-5891,+17202985891,Denver,CO,Electrical,100,4.9,,No
Allstar Electrical Services,(303) 399-7420,+13033997420,Denver,CO,Electrical,144,4.5,,No
Mr. Electric,(720) 797-9982,+17207979982,Denver,CO,Electrical,54,5.0,,No
Sphere Electric LLC,(720) 705-8991,+17207058991,Denver,CO,Electrical,114,5.0,,No
Alside Supply Center,(303) 295-2338,+13032952338,Denver,CO,Roofing,87,4.0,,No
Lifetime Roof & Solar - Denver,(303) 335-6097,+13033356097,Denver,CO,Roofing,448,5.0,,No
Denver Roofers LLC,(720) 443-4202,+17204434202,Denver,CO,Roofing,67,4.9,,No
Premier Roofing Company,(303) 233-7663,+13032337663,Denver,CO,Roofing,579,4.3,,No
Core Roofing + Solar,(720) 794-9144,+17207949144,Denver,CO,Roofing,409,4.9,,No
Elite Roofing & Solar,(303) 296-0361,+13032960361,Denver,CO,Roofing,635,4.9,,No
Denver Roofing and Construction LLC,(720) 369-7035,+17203697035,Denver,CO,Roofing,69,4.8,,No
New Roof Plus,(303) 529-7554,+13035297554,Denver,CO,Roofing,186,5.0,,No
Formula Roofing and Remodeling,(303) 600-8696,+13036008696,Denver,CO,Roofing,469,4.8,,No
HVAC pros of Miami,(305) 699-6896,+13056996896,Miami,FL,HVAC,58,5.0,,No
JJ A/C Service,(305) 984-8016,+13059848016,Miami,FL,HVAC,106,4.8,,No
Coral Gables Plumbing Co,(305) 203-3870,+13052033870,Miami,FL,Plumbing,218,4.8,,No
Main Plumbing Services,(786) 269-3783,+17862693783,Miami,FL,Plumbing,234,4.9,,No
AAAPLUMBINGSERVICES COM,(305) 504-3504,+13055043504,Miami,FL,Plumbing,115,5.0,,No
4ever Roofing,(786) 564-1020,+17865641020,Miami,FL,Roofing,202,5.0,,No
T&S Roofing Systems,(305) 676-7043,+13056767043,Miami,FL,Roofing,1151,4.8,,No
Miami Roof-Tech,(305) 722-7606,+13057227606,Miami,FL,Roofing,140,4.9,,No
Mainland Roofing Company,(305) 696-7663,+13056967663,Miami,FL,Roofing,79,4.8,,No
Istueta Roofing,(305) 614-6245,+13056146245,Miami,FL,Roofing,206,4.7,,No
A&E Brothers Roofing,(305) 815-7208,+13058157208,Miami,FL,Roofing,537,4.9,,No
Palma Roofing,(786) 803-5439,+17868035439,Miami,FL,Roofing,70,4.9,,No
Honest Abe Roofing Miami,(305) 916-4817,+13059164817,Miami,FL,Roofing,214,4.9,,No
Prime Comfort,(980) 440-2260,+19804402260,Charlotte,NC,HVAC,373,4.9,,No
Morris-Jenkins,(704) 357-0484,+17043570484,Charlotte,NC,HVAC,34140,4.9,,No
Horne Heating and Air Conditioning,(704) 321-4173,+17043214173,Charlotte,NC,HVAC,3098,4.9,,No
Super Cool HVAC,(704) 899-2665,+17048992665,Charlotte,NC,HVAC,654,5.0,,No
Andy Lewis Heating & Air Conditioning,(704) 391-9191,+17043919191,Charlotte,NC,HVAC,2907,4.8,,No
HL Bowman Inc Plumbing Heating & AC,(704) 243-5308,+17042435308,Charlotte,NC,HVAC,875,4.8,,No
Andersen Heating & Cooling,(704) 476-1342,+17044761342,Charlotte,NC,HVAC,1502,4.9,,No
Ross & Witmer Heating & Air Conditioning,(704) 610-1119,+17046101119,Charlotte,NC,HVAC,433,4.9,,No
United Plumbing LLC,(704) 808-1931,+17048081931,Charlotte,NC,Plumbing,71,5.0,,No
Roto-Rooter Plumbing & Water Cleanup,(980) 983-8055,+19809838055,Charlotte,NC,Plumbing,2337,4.8,,No
Queen City Plumbing,(704) 634-4466,+17046344466,Charlotte,NC,Plumbing,1456,4.8,,No
WyattWorks Plumbing Charlotte,(704) 825-5000,+17048255000,Charlotte,NC,Plumbing,1492,4.9,,No
AAA City Plumbing,(704) 544-1909,+17045441909,Charlotte,NC,Plumbing,1348,4.9,,No
Charlotte Plumbing,(704) 684-4664,+17046844664,Charlotte,NC,Plumbing,1297,5.0,,No
E.R. Services,(980) 238-4848,+19802384848,Charlotte,NC,Plumbing,4699,4.9,,No
Benjamin Franklin Plumbing of Charlotte,(704) 703-4220,+17047034220,Charlotte,NC,Plumbing,3969,4.8,,No
Michael & Son Services,(704) 444-0562,+17044440562,Charlotte,NC,Plumbing,4121,4.7,,No
Home Genius Exteriors,(980) 303-6407,+19803036407,Charlotte,NC,Roofing,282,4.8,,No
Southern Star Roofing Charlotte,(704) 937-7663,+17049377663,Charlotte,NC,Roofing,353,4.9,,No
Charlotte Roofing Specialists,(704) 610-6616,+17046106616,Charlotte,NC,Roofing,229,4.9,,No
Carolina Roof Consultants,(704) 277-4582,+17042774582,Charlotte,NC,Roofing,851,5.0,,No
Roof Medic,(704) 228-7788,+17042287788,Charlotte,NC,Roofing,530,4.9,,No
Charlotte Ace Roofing,(704) 396-8383,+17043968383,Charlotte,NC,Roofing,487,5.0,,No
New Roof,(704) 999-6034,+17049996034,Charlotte,NC,Roofing,195,4.9,,No
H & S Roofing & Gutter Company,(704) 334-9934,+17043349934,Charlotte,NC,Roofing,192,4.5,,No
"Four Seasons Heating, Air Conditioning, Plumbing, & Electric",(773) 219-2190,+17732192190,Chicago,IL,HVAC,28105,4.7,,No
All Temp Heating and Air Conditioning,(708) 320-3606,+17083203606,Chicago,IL,HVAC,2291,4.9,,No
Besco Air Inc.,(312) 809-2695,+13128092695,Chicago,IL,HVAC,1362,4.9,,No
"TDH Mechanical, Heating and Cooling Contractors",(773) 342-4338,+17733424338,Chicago,IL,HVAC,170,4.8,,No
"Chicago HVAC Repair Doctor, Inc.",(872) 327-6372,+18723276372,Chicago,IL,HVAC,859,4.9,,No
"Deljo Heating, Cooling & Plumbing",(773) 657-9989,+17736579989,Chicago,IL,HVAC,3227,4.9,,No
Heatmasters,(773) 777-5700,+17737775700,Chicago,IL,HVAC,711,4.8,,No
Chicago Heating & Cooling,(312) 852-5152,+13128525152,Chicago,IL,HVAC,156,4.9,,No
"J. Blanton Plumbing, Sewer & Drain",(773) 831-7597,+17738317597,Chicago,IL,Plumbing,254,4.8,,No
Rescue Plumbing,(773) 219-6071,+17732196071,Chicago,IL,Plumbing,1523,4.9,,No
Goode Plumbing,(773) 280-8496,+17732808496,Chicago,IL,Plumbing,2407,4.8,,No
First Chicago Plumbing,(847) 262-3786,+18472623786,Chicago,IL,Plumbing,288,4.8,,No
Apex Plumbing & Sewer Inc.,(773) 477-7714,+17734777714,Chicago,IL,Plumbing,231,4.6,,No
"Vanguard Plumbing and Sewer, Inc.",(773) 741-0131,+17737410131,Chicago,IL,Plumbing,372,4.9,,No
Baethke Plumbing,(312) 697-1550,+13126971550,Chicago,IL,Plumbing,847,4.7,,No
Temp Kings Air,(626) 400-5300,+16264005300,Los Angeles,CA,HVAC,68,5.0,,No
"JW Plumbing, Heating and Air",(213) 379-5931,+12133795931,Los Angeles,CA,HVAC,2642,4.8,,No
Brody Pennell Heating & Air Conditioning,(310) 896-4911,+13108964911,Los Angeles,CA,HVAC,4695,4.9,,No
Los Angeles Air Conditioning Service,(424) 459-7191,+14244597191,Los Angeles,CA,HVAC,147,4.9,,No
"Home Upgrade Specialist Inc (TESLA, HVAC, ROOF, SOLAR)",(844) 516-2426,+18445162426,Los Angeles,CA,HVAC,90,4.8,,No
Southwest Heating & Air Conditioning,(310) 867-0703,+13108670703,Los Angeles,CA,HVAC,333,4.9,,No
"A/C Control, Inc",(310) 943-7400,+13109437400,Los Angeles,CA,HVAC,294,4.7,,No
Los Angeles HVAC Repair,(818) 280-8168,+18182808168,Los Angeles,CA,HVAC,102,4.9,,No
John's Plumbing & Drain Services,(323) 422-7485,+13234227485,Los Angeles,CA,Plumbing,410,4.9,,No
Red Lilly Plumbing,(323) 319-4102,+13233194102,Los Angeles,CA,Plumbing,513,4.8,,No
"Monkey Wrench Plumbing, Heating, Air & Electric",(323) 607-0494,+13236070494,Los Angeles,CA,Plumbing,467,4.8,,No
New Generation Plumbing,(323) 274-4863,+13232744863,Los Angeles,CA,Plumbing,145,4.7,,No
A-1 Total Service Plumbing,(323) 643-2844,+13236432844,Los Angeles,CA,Plumbing,1504,4.9,,No
GR Plumbing,(323) 641-4207,+13236414207,Los Angeles,CA,Plumbing,109,4.8,,No
Lords of Plumbing,(310) 845-6027,+13108456027,Los Angeles,CA,Plumbing,246,4.9,,No
Pacific Plumbing Team,(323) 645-2537,+13236452537,Los Angeles,CA,Plumbing,287,5.0,,No
Joseph & Sons Plumbing And Drains Inc,(310) 569-1396,+13105691396,Los Angeles,CA,Plumbing,131,4.9,,No
Costar Roofing Los Angeles,(818) 639-7731,+18186397731,Los Angeles,CA,Roofing,82,5.0,,No
LA Roofing Contractors,(323) 900-5107,+13239005107,Los Angeles,CA,Roofing,54,4.8,,No
Bilt-Well Roofing,(323) 254-2888,+13232542888,Los Angeles,CA,Roofing,152,4.7,,No
Metal Roofing Los Angeles,(323) 968-6348,+13239686348,Los Angeles,CA,Roofing,66,4.9,,No
Velocity Air Conditioning,(813) 530-8127,+18135308127,Tampa,FL,HVAC,2773,4.6,,No
REM Air Conditioning of Tampa,(813) 248-5877,+18132485877,Tampa,FL,HVAC,511,4.8,,No
Blue Works Company Cast Iron Sewer Repair & Plumbing,(877) 258-3664,+18772583664,Tampa,FL,Plumbing,52,4.6,,No
Excellent Plumbing Services,(813) 734-9192,+18137349192,Tampa,FL,Plumbing,186,4.9,,No
"Formula Plumbing South Tampa, FL",(813) 761-2749,+18137612749,Tampa,FL,Plumbing,418,4.9,,No
4thGen Roofing,(727) 353-3024,+17273533024,Tampa,FL,Roofing,109,5.0,,No
Roofing Contractors Tampa - Five Star Roofing and Construction,(800) 661-4026,+18006614026,Tampa,FL,Roofing,361,4.7,,No
Westfall Roofing,(813) 291-0693,+18132910693,Tampa,FL,Roofing,1805,4.8,,No
Stay Dry Roofing of Tampa Bay Inc.,(813) 232-9430,+18132329430,Tampa,FL,Roofing,193,4.5,,No
Rainier Roofing LLC,(813) 920-9065,+18139209065,Tampa,FL,Roofing,127,4.6,,No
Tampa Roof Repair LLC,(813) 413-5115,+18134135115,Tampa,FL,Roofing,168,4.9,,No
ROOF PANDA LLC,(813) 295-7663,+18132957663,Tampa,FL,Roofing,275,5.0,,No
Prime Roof Repair Tampa,(813) 723-5093,+18137235093,Tampa,FL,Roofing,132,4.9,,No
"MJ Frick Company, Inc.",(615) 333-0658,+16153330658,Nashville,TN,HVAC,932,4.8,,No
Hoffmann Brothers,(615) 515-3031,+16155153031,Nashville,TN,HVAC,2166,4.8,,No
"Jewell Mechanical, LLC",(615) 469-5965,+16154695965,Nashville,TN,HVAC,737,4.9,,No
South Nashville Heating & Cooling,(615) 834-1636,+16158341636,Nashville,TN,HVAC,500,4.9,,No
Temp Control Heating & Air Conditioning,(615) 827-5310,+16158275310,Nashville,TN,HVAC,624,4.9,,No
"Coolray Heating, Cooling, Plumbing & Electrical",(615) 237-1603,+16152371603,Nashville,TN,HVAC,3786,4.8,,No
"Pioneer Heating, Cooling, Electrical & Plumbing",(615) 246-6713,+16152466713,Nashville,TN,HVAC,5747,4.9,,No
Premier Heating & Air,(615) 726-8700,+16157268700,Nashville,TN,HVAC,884,4.9,,No
J & J Mechanical Services,(615) 256-2505,+16152562505,Nashville,TN,HVAC,349,5.0,,No
Doctor Drips Plumbing - Nashville,(615) 970-0047,+16159700047,Nashville,TN,Plumbing,458,4.9,,No
100 Percent Plumbing,(615) 431-1100,+16154311100,Nashville,TN,Plumbing,242,5.0,,No
615 Plumbing,(615) 625-2386,+16156252386,Nashville,TN,Plumbing,1128,4.6,,No
Mr. Rooter Plumbing of South Nashville,(615) 239-1288,+16152391288,Nashville,TN,Plumbing,518,4.9,,No
Jack Ward & Sons Plumbing Company,(615) 205-0691,+16152050691,Nashville,TN,Plumbing,129,4.4,,No
Southern Plumbing Works,(615) 205-7656,+16152057656,Nashville,TN,Plumbing,124,5.0,,No
"Parthenon Plumbing, Heating, & AC Repair",(629) 276-5129,+16292765129,Nashville,TN,Plumbing,620,4.9,,No
"All Pipes, LLC",(615) 252-5461,+16152525461,Nashville,TN,Plumbing,181,5.0,,No
Mr. Roof Nashville,(615) 208-3245,+16152083245,Nashville,TN,Roofing,673,4.7,,No
Best Choice Roofing,(615) 488-8206,+16154888206,Nashville,TN,Roofing,551,4.8,,No
Don Kennedy,(629) 276-3360,+16292763360,Nashville,TN,Roofing,783,4.8,,No
MidSouth Construction,(615) 712-8893,+16157128893,Nashville,TN,Roofing,1025,4.9,,No
Southern Roofing Company,(615) 320-1045,+16153201045,Nashville,TN,Roofing,90,4.9,,No
Music City Roofers,(615) 900-4000,+16159004000,Nashville,TN,Roofing,829,4.7,,No
Bill Ragan Roofing Company,(615) 242-0333,+16152420333,Nashville,TN,Roofing,208,4.9,,No
Nashville Roofing Company,(615) 800-4355,+16158004355,Nashville,TN,Roofing,80,5.0,,No
Evergreen Home Heating and Energy,(206) 565-1455,+12065651455,Seattle,WA,HVAC,977,4.8,,No
"Brennan Heating, Air Conditioning, & Electric",(425) 553-2613,+14255532613,Seattle,WA,HVAC,2238,4.6,,No
Olson Energy Service,(206) 782-5522,+12067825522,Seattle,WA,HVAC,373,4.8,,No
Go Green Heating AC & Electric,(206) 620-1600,+12066201600,Seattle,WA,HVAC,214,4.8,,No
Greenwood Heating and Home Services,(206) 207-4734,+12062074734,Seattle,WA,HVAC,4288,4.9,,No
Glendale Heating & Air Conditioning,(206) 243-7700,+12062437700,Seattle,WA,HVAC,664,4.8,,No
Seattle Heating & Cooling,(206) 848-8080,+12068488080,Seattle,WA,HVAC,80,4.8,,No
"Nortech Heating, Cooling & Refrigeration",(206) 960-9700,+12069609700,Seattle,WA,HVAC,144,4.5,,No
Energy Technologies,(206) 580-1151,+12065801151,Seattle,WA,HVAC,56,4.7,,No
Bob Oates Sewer & Rooter,(206) 789-4944,+12067894944,Seattle,WA,Plumbing,730,4.7,,No
"2 Sons Plumbing, Sewer, Septic, Electric, Heating & Air",(206) 337-4070,+12063374070,Seattle,WA,Plumbing,3636,4.9,,No
"Beacon Plumbing, Heating, Electrical & Mechanical Inc - Seattle",(206) 720-2040,+12067202040,Seattle,WA,Plumbing,3086,4.5,,No
Craftsman Plumbing,(206) 737-2266,+12067372266,Seattle,WA,Plumbing,643,4.8,,No
Jafco Plumbing and Sewer,(206) 316-9449,+12063169449,Seattle,WA,Plumbing,259,4.8,,No
Gene Johnson Plumbing,(360) 218-7611,+13602187611,Seattle,WA,Plumbing,4152,4.8,,No
Anthony's Plumbing Company,(206) 906-9279,+12069069279,Seattle,WA,Plumbing,255,5.0,,No
Bee's Plumbing and Heating,(206) 629-8217,+12066298217,Seattle,WA,Plumbing,3370,4.8,,No
Efficient Home Solutions of Dallas,(214) 612-7493,+12146127493,Dallas,TX,HVAC,104,4.8,,No
Hooper Plumbing & Air Conditioning,(214) 761-6820,+12147616820,Dallas,TX,Plumbing,441,4.8,,No
T Rock Roofing & Contracting,(469) 931-9867,+14699319867,Dallas,TX,Roofing,656,4.9,,No
New View Roofing,(469) 232-7220,+14692327220,Dallas,TX,Roofing,673,4.9,,No
United Roofing & General Contractors,(888) 863-8858,+18888638858,Dallas,TX,Roofing,70,5.0,,No
Low Cost Roofing Dallas,(972) 905-0444,+19729050444,Dallas,TX,Roofing,150,5.0,,No
Bold Roofing - DFW's Best Roofing Contractor,(972) 380-9300,+19723809300,Dallas,TX,Roofing,606,4.7,,No
Simply Cooling Heating & Plumbing,(702) 673-4899,+17026734899,Las Vegas,NV,HVAC,2116,4.9,,No
Air Pro Master Air Conditioning Repair & Installation,(702) 935-1540,+17029351540,Las Vegas,NV,HVAC,2474,4.5,,No
Bulldog Air Conditioning & Heating Repair Las Vegas,(702) 509-5005,+17025095005,Las Vegas,NV,HVAC,274,4.8,,No
Goettl Air Conditioning and Plumbing - Las Vegas NV,(725) 234-0840,+17252340840,Las Vegas,NV,HVAC,10803,4.7,,No
Legacy Air Conditioning and Heating,(725) 234-0911,+17252340911,Las Vegas,NV,HVAC,3125,4.9,,No
Pro Price Heating & Cooling,(702) 742-3310,+17027423310,Las Vegas,NV,HVAC,2245,4.7,,No
Nevada Residential Services Air Conditioning & Heating,(702) 899-3249,+17028993249,Las Vegas,NV,HVAC,640,4.9,,No
Bumble Breeze,(702) 703-1346,+17027031346,Las Vegas,NV,HVAC,3924,4.8,,No
Air Supply Heating and Cooling,(702) 328-0888,+17023280888,Las Vegas,NV,HVAC,1384,4.8,,No
Precision Plumbing,(702) 253-6363,+17022536363,Las Vegas,NV,Plumbing,2161,4.8,,No
Focus Plumbing LLC,(702) 710-4420,+17027104420,Las Vegas,NV,Plumbing,1668,4.8,,No
Kingdom Plumbing,(702) 840-5037,+17028405037,Las Vegas,NV,Plumbing,458,4.9,,No
DMS Plumbing LLC,(702) 353-7335,+17023537335,Las Vegas,NV,Plumbing,404,4.7,,No
Plumbing Solutions of Nevada,(702) 463-2500,+17024632500,Las Vegas,NV,Plumbing,125,4.6,,No
Vegas Valley Plumbing,(702) 766-8827,+17027668827,Las Vegas,NV,Plumbing,898,4.9,,No
"Larkin Plumbing & Heating, Inc",(702) 979-3992,+17029793992,Las Vegas,NV,Plumbing,248,4.4,,No
Hips Plumbing,(702) 626-2147,+17026262147,Las Vegas,NV,Plumbing,944,4.9,,No
Dignity Plumbing,(702) 840-8910,+17028408910,Las Vegas,NV,Plumbing,891,4.9,,No
The Roofing Company LLC,(702) 903-4225,+17029034225,Las Vegas,NV,Roofing,147,4.9,,No
Disalvo Roofing LLC,(725) 205-3113,+17252053113,Las Vegas,NV,Roofing,85,5.0,,No
Rhino Roofing LLC,(702) 805-8100,+17028058100,Las Vegas,NV,Roofing,110,4.2,,No
Fortitude Roofing,(725) 233-0251,+17252330251,Las Vegas,NV,Roofing,110,4.8,,No
Vegas Born Roofing,(702) 876-2630,+17028762630,Las Vegas,NV,Roofing,68,4.5,,No
Desert Valley Roofing LLC,(702) 558-8775,+17025588775,Las Vegas,NV,Roofing,62,4.8,,No
"Snyder Air Conditioning, Plumbing & Electric",(904) 274-4454,+19042744454,Jacksonville,FL,HVAC,12942,4.9,,No
"Weather Engineers, Inc.",(904) 593-3721,+19045933721,Jacksonville,FL,HVAC,758,4.9,,No
Florida Home Air Conditioning,(904) 990-8633,+19049908633,Jacksonville,FL,HVAC,3537,4.2,,No
J&W Heating and Air & Plumbing,(904) 764-0040,+19047640040,Jacksonville,FL,HVAC,5628,4.9,,No
Air McCall,(904) 682-9522,+19046829522,Jacksonville,FL,HVAC,1470,4.9,,No
Affordable Mighty Air Inc,(904) 549-6571,+19045496571,Jacksonville,FL,HVAC,742,4.8,,No
Bold City Heating & Air,(904) 453-8254,+19044538254,Jacksonville,FL,HVAC,1968,4.9,,No
Turner Plumbing Co,(904) 396-7044,+19043967044,Jacksonville,FL,Plumbing,931,4.8,,No
Touchton Plumbing Contractors Inc,(904) 389-9299,+19043899299,Jacksonville,FL,Plumbing,103,4.5,,No
"Premier Plumbing, LLC",(904) 780-6994,+19047806994,Jacksonville,FL,Plumbing,416,5.0,,No
Betros Plumbing Contractors,(904) 683-1968,+19046831968,Jacksonville,FL,Plumbing,772,4.9,,No
Superior Plumbing & Pipe Lining,(904) 238-8001,+19042388001,Jacksonville,FL,Plumbing,448,4.9,,No
"Harry Hayes Plumbing, Water Heater Repair & Drain Cleaning",(904) 906-8486,+19049068486,Jacksonville,FL,Plumbing,717,4.8,,No
Justin The Plumber LLC,(904) 524-8188,+19045248188,Jacksonville,FL,Plumbing,381,5.0,,No
American Plumbing Contractors Inc,(904) 745-1693,+19047451693,Jacksonville,FL,Plumbing,83,4.3,,No
David Gray Plumbing,(904) 385-5899,+19043855899,Jacksonville,FL,Plumbing,6360,4.8,,No
Triangle Repair Group Heating & Cooling,(919) 263-0560,+19192630560,Raleigh,NC,HVAC,170,4.9,,No
"All Hours Heating & Air Conditioning, LLC",(919) 695-0333,+19196950333,Raleigh,NC,HVAC,375,4.9,,No
Yellow Dot Heating & Air Conditioning,(919) 925-4235,+19199254235,Raleigh,NC,HVAC,4111,4.8,,No
Raleigh Heating and Air,(919) 250-2945,+19192502945,Raleigh,NC,HVAC,636,4.7,,No
Comfort Monster Heating & Air,(919) 823-6881,+19198236881,Raleigh,NC,HVAC,1046,4.8,,No
"Thermo Direct, Inc.",(984) 313-9090,+19843139090,Raleigh,NC,HVAC,2166,4.8,,No
SantaAir Heating and Air,(919) 635-5289,+19196355289,Raleigh,NC,HVAC,857,4.9,,No
Service Experts Heating & Air Conditioning,(919) 823-6631,+19198236631,Raleigh,NC,HVAC,6097,4.9,,No
"Midtown Plumbing, LLC",(919) 373-6788,+19193736788,Raleigh,NC,Plumbing,563,4.9,,No
William Parrish Plumbing,(919) 343-0783,+19193430783,Raleigh,NC,Plumbing,1807,4.9,,No
Plumbing Services of Raleigh,(919) 689-6609,+19196896609,Raleigh,NC,Plumbing,119,4.8,,No
"Raleigh Plumbing & Heating, Inc.",(919) 535-4029,+19195354029,Raleigh,NC,Plumbing,313,4.9,,No
Matthew's Plumbing Solutions,(919) 977-1896,+19199771896,Raleigh,NC,Plumbing,903,4.9,,No
Out The Door Plumbing,(919) 628-4111,+19196284111,Raleigh,NC,Plumbing,440,4.9,,No
Modern Plumbing and Backflow,(919) 341-1911,+19193411911,Raleigh,NC,Plumbing,1712,4.6,,No
Westover Plumbing LLC,(919) 532-6676,+19195326676,Raleigh,NC,Plumbing,150,4.9,,No
"Roofwerks, Inc.",(919) 852-2660,+19198522660,Raleigh,NC,Roofing,574,4.8,,No
Big Bear Roofing,(919) 607-6898,+19196076898,Raleigh,NC,Roofing,283,4.9,,No
Camden Roofing & Construction LLC,(919) 849-3818,+19198493818,Raleigh,NC,Roofing,263,4.9,,No
A&M Premier Roofing & Construction,(919) 371-0391,+19193710391,Raleigh,NC,Roofing,799,5.0,,No
Roof Stepper,(984) 274-5170,+19842745170,Raleigh,NC,Roofing,100,5.0,,No
Southern Premier Roofing,(984) 200-3308,+19842003308,Raleigh,NC,Roofing,184,4.8,,No
Modern Roofing,(984) 370-5424,+19843705424,Raleigh,NC,Roofing,113,4.9,,No
Aceline Roofing - Raleigh Roof Repair & Replacement,(919) 389-9571,+19193899571,Raleigh,NC,Roofing,106,5.0,,No
Raleigh Roofers LLC,(919) 422-2442,+19194222442,Raleigh,NC,Roofing,237,4.7,,No
Masters Heating & Cooling,(866) 821-5064,+18668215064,Indianapolis,IN,HVAC,852,4.9,,No
"Chapman Heating, Air Conditioning, Plumbing and Electrical",(317) 349-0890,+13173490890,Indianapolis,IN,HVAC,6959,4.9,,No
Broad Ripple Service Experts,(317) 649-8983,+13176498983,Indianapolis,IN,HVAC,2033,4.8,,No
Roy Rogers Heating & Air,(317) 809-5628,+13178095628,Indianapolis,IN,HVAC,586,4.9,,No
"Howald Heating, Air Conditioning & Plumbing",(317) 255-4328,+13172554328,Indianapolis,IN,HVAC,2086,5.0,,No
Bolls Heating & Cooling,(317) 830-3010,+13178303010,Indianapolis,IN,HVAC,561,4.9,,No
One Hour Heating & Air Conditioning,(317) 795-0373,+13177950373,Indianapolis,IN,HVAC,7796,4.8,,No
Northern Comfort Systems,(317) 953-2748,+13179532748,Indianapolis,IN,HVAC,505,4.9,,No
LCS Heating and Cooling,(317) 207-6438,+13172076438,Indianapolis,IN,HVAC,1468,4.9,,No
"Hope Plumbing, Heating & Cooling",(317) 912-0222,+13179120222,Indianapolis,IN,Plumbing,6309,4.8,,No
Hamm & Sons Plumbing,(317) 202-9853,+13172029853,Indianapolis,IN,Plumbing,407,4.9,,No
L. D. Smith Plumbing & Drains,(317) 927-7186,+13179277186,Indianapolis,IN,Plumbing,1019,4.8,,No
Pristine Plumbing,(317) 680-7064,+13176807064,Indianapolis,IN,Plumbing,1519,4.8,,No
Benjamin Franklin Plumbing of Indianapolis,(317) 886-0567,+13178860567,Indianapolis,IN,Plumbing,5864,4.8,,No
Ciriello Plumbing Co,(317) 787-5391,+13177875391,Indianapolis,IN,Plumbing,623,4.8,,No
Carter's My Plumber - Plumbers Indianapolis,(317) 893-2462,+13178932462,Indianapolis,IN,Plumbing,1182,4.9,,No
HomeSense,(317) 215-5331,+13172155331,Indianapolis,IN,Plumbing,1552,4.9,,No
Quality Air Heating and Air Conditioning,(614) 262-1818,+16142621818,Columbus,OH,HVAC,127,4.8,,No
"Logan Services A/C, Heat & Plumbing",(833) 252-0835,+18332520835,Columbus,OH,HVAC,4296,4.8,,No
Sears Heating and Cooling,(614) 475-1800,+16144751800,Columbus,OH,HVAC,2648,4.9,,No
Custom Air Conditioning and Heating Co.,(614) 245-9802,+16142459802,Columbus,OH,HVAC,1043,4.9,,No
Hetter Heating & Cooling,(614) 784-9200,+16147849200,Columbus,OH,HVAC,1074,4.9,,No
Dor-Mar Columbus Heating And Air,(614) 238-6689,+16142386689,Columbus,OH,HVAC,592,4.8,,No
Columbus Worthington Air,(614) 965-6133,+16149656133,Columbus,OH,HVAC,6587,4.8,,No
Fire & Ice Heating and Air Conditioning,(614) 642-2236,+16146422236,Columbus,OH,HVAC,4114,4.9,,No
Amanda Plumbing,(740) 369-5161,+17403695161,Columbus,OH,Plumbing,1094,4.8,,No
"The Waterworks Plumbing, Drain, Heating & Cooling",(614) 490-2149,+16144902149,Columbus,OH,Plumbing,2161,4.7,,No
Parson Plumbing and Drains,(614) 805-9466,+16148059466,Columbus,OH,Plumbing,538,5.0,,No
1-Tom-Plumber,(614) 634-9955,+16146349955,Columbus,OH,Plumbing,488,4.9,,No
The Local Plumber LLC,(614) 230-6086,+16142306086,Columbus,OH,Plumbing,327,5.0,,No
TRANSIT & FLOW,(614) 333-8092,+16143338092,Columbus,OH,Plumbing,50,4.9,,No
"Apex Pros Plumbing, Electrical, Heating and Air",(614) 654-0344,+16146540344,Columbus,OH,Plumbing,5982,4.7,,No
"Eco Plumbers, Electricians, and HVAC Technicians",(614) 665-5197,+16146655197,Columbus,OH,Plumbing,20278,4.9,,No
GEN3 Electric & HVAC,(267) 419-7922,+12674197922,Philadelphia,PA,HVAC,4909,4.9,,No
Daniels HVAC Philadelphia LLC,(267) 971-3639,+12679713639,Philadelphia,PA,HVAC,176,4.6,,No
"Green Heating, Cooling & Electric",(215) 544-3843,+12155443843,Philadelphia,PA,HVAC,428,4.8,,No
"W.F. Smith, Inc.",(215) 624-1313,+12156241313,Philadelphia,PA,HVAC,434,4.9,,No
Trustco Heating & Air,(215) 281-9376,+12152819376,Philadelphia,PA,HVAC,148,5.0,,No
NextGen Heating and Air Conditioning,(267) 347-2657,+12673472657,Philadelphia,PA,HVAC,168,4.9,,No
Air Masters HVAC Inc,(267) 292-2204,+12672922204,Philadelphia,PA,HVAC,57,4.4,,No
Air Done Right,(267) 214-1709,+12672141709,Philadelphia,PA,HVAC,291,4.8,,No
Boss Plumbing & Heating,(267) 748-4314,+12677484314,Philadelphia,PA,Plumbing,225,4.8,,No
Plumbing Pals,(267) 719-2354,+12677192354,Philadelphia,PA,Plumbing,1631,4.9,,No
City Plumbing,(215) 470-3638,+12154703638,Philadelphia,PA,Plumbing,330,4.7,,No
"Daniels Plumbing, Drain Cleaning, Sewer Repair of Philadelphia",(267) 650-3418,+12676503418,Philadelphia,PA,Plumbing,504,4.7,,No
Philly Plumbing Pros,(267) 244-8867,+12672448867,Philadelphia,PA,Plumbing,75,4.7,,No
"Ring The Bell Plumbing, Heating & Drains",(267) 804-1824,+12678041824,Philadelphia,PA,Plumbing,499,4.9,,No
KCS Plumbing,(445) 942-4431,+14459424431,Philadelphia,PA,Plumbing,317,4.8,,No
IFixdit Plumbing & Drains,(267) 979-4517,+12679794517,Philadelphia,PA,Plumbing,526,4.9,,No
"Roger Ross Plumbing & Heating, Inc",(215) 482-2969,+12154822969,Philadelphia,PA,Plumbing,841,4.9,,No
McCullough Heating & Air Conditioning,(512) 877-6043,+15128776043,Austin,TX,HVAC,3164,4.8,,No
Precision,(512) 379-6385,+15123796385,Austin,TX,HVAC,1613,4.7,,No
The Coolest LLC,(512) 468-6140,+15124686140,Austin,TX,HVAC,774,5.0,,No
Strand Brothers Service Experts,(512) 598-6625,+15125986625,Austin,TX,HVAC,7430,4.8,,No
Elite Air Conditioning and Plumbing,(512) 637-4237,+15126374237,Austin,TX,HVAC,719,4.9,,No
"Trusted Heating and Cooling, LLC",(512) 881-7484,+15128817484,Austin,TX,HVAC,654,4.9,,No
A-Plus Air Conditioning & Home Solutions,(512) 361-5050,+15123615050,Austin,TX,HVAC,1227,4.9,,No
Smart Air Cooling & Heating,(512) 600-4311,+15126004311,Austin,TX,HVAC,693,4.9,,No
"Efficient AC, Electric & Plumbing",(512) 537-4700,+15125374700,Austin,TX,HVAC,745,4.8,,No
Bob Heinmiller Air Conditioning Inc,(407) 374-0779,+14073740779,Orlando,FL,HVAC,465,4.7,,No
OKOOL Air and Heat,(321) 350-2991,+13213502991,Orlando,FL,HVAC,70,5.0,,No
Belle Air,(407) 543-2050,+14075432050,Orlando,FL,HVAC,1772,4.9,,No
Frank Gay Services,(407) 490-1361,+14074901361,Orlando,FL,HVAC,13378,4.7,,No
Local AC,(407) 565-5752,+14075655752,Orlando,FL,HVAC,297,4.6,,No
"Ferran Air Conditioning, Electrical & Plumbing",(407) 422-3551,+14074223551,Orlando,FL,HVAC,1266,4.7,,No
Gary Munson Heating & Air Conditioning,(407) 955-9648,+14079559648,Orlando,FL,HVAC,521,4.8,,No
AAA Heating & Cooling,(503) 284-2173,+15032842173,Portland,OR,HVAC,1417,4.9,,No
Rose City Heating & Air,(503) 636-5371,+15036365371,Portland,OR,HVAC,552,4.9,,No
Pyramid Heating & Cooling,(503) 783-8488,+15037838488,Portland,OR,HVAC,1299,4.8,,No
Efficiency Heating & Cooling,(503) 908-6066,+15039086066,Portland,OR,HVAC,422,4.9,,No
Sunset Heating & Cooling,(503) 500-5855,+15035005855,Portland,OR,HVAC,5039,4.8,,No
Integrity Air LLC,(503) 558-6945,+15035586945,Portland,OR,HVAC,564,4.9,,No
Specialty Heating & Cooling,(503) 433-3323,+15034333323,Portland,OR,HVAC,1760,4.9,,No
"Jacobs Heating & Air Conditioning, Inc.",(503) 234-7331,+15032347331,Portland,OR,HVAC,638,4.3,,No
Sun Glow Inc.,(503) 610-3033,+15036103033,Portland,OR,HVAC,1476,4.9,,No
"D&F Plumbing, Heating and Cooling",(503) 664-0938,+15036640938,Portland,OR,Plumbing,1991,4.5,,No
Service Plus Plumbing,(503) 927-4482,+15039274482,Portland,OR,Plumbing,950,5.0,,No
Meticulous Plumbing,(503) 208-2812,+15032082812,Portland,OR,Plumbing,269,4.8,,No
Crown Plumbing,(503) 771-9449,+15037719449,Portland,OR,Plumbing,481,4.8,,No
Black Cat Plumbing,(503) 788-0300,+15037880300,Portland,OR,Plumbing,137,4.9,,No
Lovett Inc.,(503) 737-8423,+15037378423,Portland,OR,Plumbing,474,4.9,,No
Henco Plumbing Services,(971) 307-3733,+19713073733,Portland,OR,Plumbing,911,4.8,,No
Ez Breezy Heating & Air,(858) 877-8788,+18588778788,San Diego,CA,HVAC,481,5.0,,No
JPM Heating & Air Inc,(619) 647-0425,+16196470425,San Diego,CA,HVAC,355,5.0,,No
Stable Temp HVAC,(858) 766-5520,+18587665520,San Diego,CA,HVAC,354,4.9,,No
"Guthrie & Sons Heating, Air and Solar",(619) 257-2204,+16192572204,San Diego,CA,HVAC,1509,4.9,,No
HVAC San Diego King,(619) 202-8344,+16192028344,San Diego,CA,HVAC,94,5.0,,No
"Same Day Heating, Cooling, Plumbing",(619) 486-3325,+16194863325,San Diego,CA,HVAC,1683,4.8,,No
Carini Home Services,(619) 332-5176,+16193325176,San Diego,CA,HVAC,1012,4.8,,No
Smith & Sons Heating and Air Inc.,(619) 251-9285,+16192519285,San Diego,CA,HVAC,204,5.0,,No
"Bill Howe Plumbing, Heating & Air, Restoration & Flood Services",(619) 317-1809,+16193171809,San Diego,CA,Plumbing,5081,4.8,,No
Black Mountain Plumbing,(858) 536-4161,+18585364161,San Diego,CA,Plumbing,1593,4.8,,No
Fraser Plumbing of San Diego,(619) 332-0275,+16193320275,San Diego,CA,Plumbing,300,4.8,,No
Core Plumbing,(858) 295-7746,+18582957746,San Diego,CA,Plumbing,1362,4.8,,No
"Exodus Plumbing, Inc",(858) 354-8185,+18583548185,San Diego,CA,Plumbing,649,4.9,,No
American Plumbing Co | Plumber in San Diego,(619) 723-1114,+16197231114,San Diego,CA,Plumbing,361,4.9,,No
"Collins Pacific Plumbing, Inc.",(858) 361-4140,+18583614140,San Diego,CA,Plumbing,351,4.9,,No
Discount Plumbing San Diego,(619) 329-8394,+16193298394,San Diego,CA,Plumbing,212,4.5,,No
All Aloha Plumbing San Diego,(619) 841-1683,+16198411683,San Diego,CA,Plumbing,220,4.9,,No
"Summit Heating, Cooling & Plumbing",(816) 832-7770,+18168327770,Kansas City,MO,HVAC,2027,4.9,,No
Midwest Heating Cooling & Plumbing,(816) 943-8400,+18169438400,Kansas City,MO,HVAC,1327,4.9,,No
Premier Comfort Heating & Cooling,(816) 204-7332,+18162047332,Kansas City,MO,HVAC,389,5.0,,No
"Better Service Heating, Cooling, and Plumbing",(816) 756-4244,+18167564244,Kansas City,MO,HVAC,291,4.8,,No
"A.B. May Heating, A/C, Plumbing & Electrical",(816) 413-1782,+18164131782,Kansas City,MO,HVAC,19115,4.8,,No
"Buckner's Heating, Cooling, and Plumbing",(816) 579-6552,+18165796552,Kansas City,MO,HVAC,1510,4.9,,No
"Absolute Comfort Technologies, Inc.",(816) 442-8154,+18164428154,Kansas City,MO,HVAC,77,4.9,,No
KC Comfort Champs,(816) 522-1518,+18165221518,Kansas City,MO,HVAC,246,5.0,,No
S.O.S. Heating & Cooling,(801) 890-3577,+18018903577,Salt Lake City,UT,HVAC,2059,5.0,,No
"SameDay Heating & Air, Plumbing, and Electrical",(801) 297-1654,+18012971654,Salt Lake City,UT,HVAC,9051,4.8,,No
"Just Right Plumbing, Heating, & Cooling",(801) 302-1154,+18013021154,Salt Lake City,UT,HVAC,2905,4.8,,No
"HVAC Construction, Inc.",(801) 298-4822,+18012984822,Salt Lake City,UT,HVAC,218,4.9,,No
"Affordable Heating & Cooling, Inc.",(801) 261-0924,+18012610924,Salt Lake City,UT,HVAC,510,4.9,,No
Apex Clean Air AC & Heating Repair,(801) 396-8959,+18013968959,Salt Lake City,UT,HVAC,2539,4.8,,No
True Pros Heating and Air - Salt Lake,(801) 609-5447,+18016095447,Salt Lake City,UT,HVAC,277,5.0,,No
"Action Plumbing, Heating, Air & Electric",(801) 960-4061,+18019604061,Salt Lake City,UT,HVAC,6054,4.5,,No
"Soderlin Plumbing, Heating & Air Conditioning",(612) 409-7370,+16124097370,Minneapolis,MN,HVAC,290,4.7,,No
Pronto Heating and Air Conditioning - Minneapolis,(952) 234-5980,+19522345980,Minneapolis,MN,HVAC,5477,4.9,,No
"Standard Heating & Air Conditioning, Inc.",(612) 887-1172,+16128871172,Minneapolis,MN,HVAC,6481,4.9,,No
Ray N. Welter Heating Company,(612) 825-6867,+16128256867,Minneapolis,MN,HVAC,199,4.8,,No
Blue Ox Heating & Air,(651) 300-1636,+16513001636,Minneapolis,MN,HVAC,4016,4.8,,No
Midland Heating & Cooling,(612) 869-3213,+16128693213,Minneapolis,MN,HVAC,144,4.8,,No
Midwest Heating & Cooling,(952) 451-0659,+19524510659,Minneapolis,MN,HVAC,56,5.0,,No
Blue Yeti HVAC & Plumbing Services,(952) 209-7360,+19522097360,Minneapolis,MN,HVAC,656,4.9,,No
Climate Control Experts,(405) 724-3074,+14057243074,Oklahoma City,OK,HVAC,89,5.0,,No
"Hill & Company Service, Inc.",(405) 949-5555,+14059495555,Oklahoma City,OK,HVAC,1452,4.9,,No
AllTech Plumbing Heat and Air - OKC,(405) 253-2029,+14052532029,Oklahoma City,OK,HVAC,1648,4.8,,No
"Oklahoma Heat, Air, and Refrigeration",(405) 296-6069,+14052966069,Oklahoma City,OK,HVAC,149,4.9,,No
"Smart Air Solutions, LLC",(405) 901-9096,+14059019096,Oklahoma City,OK,HVAC,241,4.9,,No
Direct Air LLC,(405) 901-1476,+14059011476,Oklahoma City,OK,HVAC,323,4.9,,No
"Air Factory Heating & Cooling Co., LLC",(405) 243-1613,+14052431613,Oklahoma City,OK,HVAC,302,4.8,,No
Suntech Heat and Air,(405) 901-1402,+14059011402,Oklahoma City,OK,HVAC,2046,4.8,,No
Automatic Climate HVAC & Air Conditioning,(804) 276-5127,+18042765127,Richmond,VA,HVAC,1413,4.8,,No
James River Air Conditioning Co.,(804) 358-9333,+18043589333,Richmond,VA,HVAC,5087,4.8,,No
Bradley Mechanical,(804) 495-3509,+18044953509,Richmond,VA,HVAC,1584,4.9,,No
Capital City Comfort Solutions,(804) 406-4566,+18044064566,Richmond,VA,HVAC,710,5.0,,No
"Americool Heating & Cooling, Inc",(804) 276-8296,+18042768296,Richmond,VA,HVAC,275,4.8,,No
River City Heating and Air,(804) 674-9300,+18046749300,Richmond,VA,HVAC,241,4.7,,No
Richmond Air,(804) 277-4328,+18042774328,Richmond,VA,HVAC,91,4.8,,No
"Natal's Air Conditioning, Plumbing & Electrical",(504) 688-7556,+15046887556,New Orleans,LA,HVAC,2065,4.9,,No
Keefe's Air Conditioning Heating Electrical Generator & Plumbing,(504) 300-8720,+15043008720,New Orleans,LA,HVAC,6153,4.8,,No
J. Marin Heating & Air Conditioning,(504) 949-7805,+15049497805,New Orleans,LA,HVAC,162,4.8,,No
"Surgi's Heating, Cooling & Plumbing",(504) 215-7445,+15042157445,New Orleans,LA,HVAC,3739,4.8,,No
Stuart Services,(504) 294-8721,+15042948721,New Orleans,LA,HVAC,404,4.9,,No
Ben's AC,(504) 357-1895,+15043571895,New Orleans,LA,HVAC,77,4.8,,No
Precise Comfort And Climate Specialists Inc,(504) 273-0522,+15042730522,New Orleans,LA,HVAC,100,4.8,,No
Calloway & Sons A/C And Heating,(504) 533-4567,+15045334567,New Orleans,LA,HVAC,892,4.8,,No
"Bryant Heating, Cooling, Plumbing, & Electric",(502) 934-7298,+15029347298,Louisville,KY,HVAC,5845,4.8,,No
Stivers,(502) 459-6312,+15024596312,Louisville,KY,HVAC,455,4.9,,No
Allgeier Air,(502) 244-9999,+15022449999,Louisville,KY,HVAC,856,4.9,,No
One Choice Mechanical,(502) 242-8204,+15022428204,Louisville,KY,HVAC,1125,4.9,,No
Prudential Heating & Air Conditioning,(502) 966-5813,+15029665813,Louisville,KY,HVAC,685,4.8,,No
Aire Serv of Louisville,(502) 785-8600,+15027858600,Louisville,KY,HVAC,1054,4.8,,No
Dauenhauer Plumbing Heating Air & Electric,(502) 219-3297,+15022193297,Louisville,KY,HVAC,8720,4.8,,No
Western Heating and Air Conditioning,(208) 204-0357,+12082040357,Boise,ID,HVAC,3923,4.9,,No
Right Now Heating and Air Conditioning,(208) 939-4475,+12089394475,Boise,ID,HVAC,8608,4.8,,No
Peppy Heating and Cooling Boise,(208) 906-6928,+12089066928,Boise,ID,HVAC,625,5.0,,No
Access Heating & Air Conditioning,(208) 855-2444,+12088552444,Boise,ID,HVAC,573,4.9,,No
Capital City Heating & Cooling,(208) 345-4115,+12083454115,Boise,ID,HVAC,349,4.9,,No
Perfect Plumbing Heating & Air,(208) 231-1936,+12082311936,Boise,ID,HVAC,5481,4.8,,No
Snowflake Air,(208) 205-9078,+12082059078,Boise,ID,HVAC,351,4.8,,No
Fox Heating and Cooling,(208) 398-3188,+12083983188,Boise,ID,HVAC,188,4.9,,No
TSS Home Comfort,(208) 908-4330,+12089084330,Boise,ID,HVAC,173,4.8,,No
Ethridge Heating and Air,(205) 428-6935,+12054286935,Birmingham,AL,HVAC,972,4.9,,No
S-Tek Heating & Air,(205) 537-9942,+12055379942,Birmingham,AL,HVAC,117,5.0,,No
"Standard Heating, Cooling & Plumbing",(205) 751-3262,+12057513262,Birmingham,AL,HVAC,1908,4.9,,No
"Comfort Dynamics Cooling, Heating, Plumbing & Electrical",(205) 315-0411,+12053150411,Birmingham,AL,HVAC,2289,4.7,,No
Air Experts,(205) 289-8510,+12052898510,Birmingham,AL,HVAC,431,5.0,,No
"One Source Heating, Cooling, Plumbing & Electrical",(205) 304-1413,+12053041413,Birmingham,AL,HVAC,820,4.8,,No
Xcalibur Services,(205) 346-6997,+12053466997,Birmingham,AL,HVAC,1536,4.9,,No
"Hiller Plumbing, Heating, Cooling & Electrical",(205) 360-4301,+12053604301,Birmingham,AL,HVAC,442,4.9,,No
"FLAME Heating, Cooling, Plumbing, Electrical",(586) 327-5016,+15863275016,Detroit,MI,HVAC,3443,4.7,,No
The Heating and Cooling Company Of Detroit,(313) 488-2188,+13134882188,Detroit,MI,HVAC,89,4.9,,No
Manning Mechanical,(313) 693-4232,+13136934232,Detroit,MI,HVAC,212,4.7,,No
National Heating & Cooling Inc,(313) 538-7100,+13135387100,Detroit,MI,HVAC,75,4.7,,No
A&H HVAC SERVICES,(313) 724-7723,+13137247723,Detroit,MI,HVAC,183,4.6,,No
Supreme Heating and Cooling,(313) 885-2400,+13138852400,Detroit,MI,HVAC,169,4.2,,No
"Amazing Plumbing, Heating & Air",(410) 864-9280,+14108649280,Baltimore,MD,HVAC,2131,4.8,,No
Complete Climate Services LLC,(443) 222-0744,+14432220744,Baltimore,MD,HVAC,807,5.0,,No
A.J. Michaels,(410) 435-5400,+14104355400,Baltimore,MD,HVAC,310,4.5,,No
"Cozy Heating & Cooling, LLC",(443) 438-0476,+14434380476,Baltimore,MD,HVAC,131,5.0,,No
Maryland Heating & Air,(855) 410-8324,+18554108324,Baltimore,MD,HVAC,379,4.9,,No
At Your Service Heating and Cooling LLC,(410) 406-7925,+14104067925,Baltimore,MD,HVAC,815,4.6,,No
Future Tech Heating & Cooing Co.,(410) 426-2334,+14104262334,Baltimore,MD,HVAC,75,4.9,,No
Beyond Cooling LLC,(410) 973-7821,+14109737821,Baltimore,MD,HVAC,83,4.9,,No
Choice Plumbing Orlando,(407) 422-7443,+14074227443,Orlando,FL,Plumbing,1676,4.7,,No
El Plomero Latino,(407) 362-7654,+14073627654,Orlando,FL,Plumbing,927,4.8,,No
Emerald Plumbing,(407) 898-3538,+14078983538,Orlando,FL,Plumbing,1338,4.8,,No
"Harvey Baker Plumbing, Inc",(407) 859-3572,+14078593572,Orlando,FL,Plumbing,315,4.7,,No
Hers & His Plumbing Services,(407) 863-2760,+14078632760,Orlando,FL,Plumbing,1750,4.7,,No
Greenway Plumbing Services,(407) 234-0003,+14072340003,Orlando,FL,Plumbing,599,4.9,,No
Associated Piping Services Inc.,(407) 901-3482,+14079013482,Orlando,FL,Plumbing,218,4.9,,No
"Michael's Plumbing of Central Florida, Inc.",(407) 249-2200,+14072492200,Orlando,FL,Plumbing,1358,4.7,,No
Highlights Chicago Inc,(773) 262-3333,+17732623333,Chicago,IL,Electrical,463,4.9,,No
STS Electric,(773) 721-1111,+17737211111,Chicago,IL,Electrical,200,4.7,,No
Arnold Electrical Services,(773) 985-1125,+17739851125,Chicago,IL,Electrical,993,4.8,,No
Sapphire Electric,(773) 299-8701,+17732998701,Chicago,IL,Electrical,104,4.9,,No
A to Z Electric Co.,(773) 286-4500,+17732864500,Chicago,IL,Electrical,101,4.8,,No
Sims & Sons Electric and Plumbing,(312) 282-1170,+13122821170,Chicago,IL,Electrical,386,4.9,,No
"All Power Electric, Inc.",(312) 285-4418,+13122854418,Chicago,IL,Electrical,99,4.9,,No
T&D Electrical,(773) 481-9225,+17734819225,Chicago,IL,Electrical,81,4.8,,No
Chicago Flat Roofing Contractors,(773) 209-1468,+17732091468,Chicago,IL,Roofing,108,4.9,,No
Chicago Roofing Company,(773) 732-3694,+17737323694,Chicago,IL,Roofing,89,5.0,,No
Roofing By Hernandez,(312) 439-0556,+13124390556,Chicago,IL,Roofing,190,4.7,,No
Chicago Roofing Solutions,(312) 588-6969,+13125886969,Chicago,IL,Roofing,157,4.6,,No
Chicago Prestige Roofing,(312) 632-4603,+13126324603,Chicago,IL,Roofing,67,5.0,,No
TAR Roofing Inc,(630) 422-1589,+16304221589,Chicago,IL,Roofing,215,4.9,,No
Anchor Point Roofing,(312) 724-8200,+13127248200,Chicago,IL,Roofing,238,5.0,,No
Force,(813) 328-7223,+18133287223,Tampa,FL,Electrical,734,4.9,,No
Aguila Electrical Services Inc,(813) 515-6999,+18135156999,Tampa,FL,Electrical,454,4.9,,No
I & C Electrical Contracting Services,(813) 514-8250,+18135148250,Tampa,FL,Electrical,148,4.9,,No
Mr. Electric of Tampa Bay,(813) 474-9789,+18134749789,Tampa,FL,Electrical,1024,4.9,,No
Brandon Electric,(813) 736-6478,+18137366478,Tampa,FL,Electrical,1413,4.8,,No
Acme Electrical Services,(813) 878-2263,+18138782263,Tampa,FL,Electrical,112,4.9,,No
Hoffman Electrical & A/C,(855) 644-1365,+18556441365,Tampa,FL,Electrical,4033,4.8,,No
"Small Jobs Electric, Inc.",(813) 303-0052,+18133030052,Tampa,FL,Electrical,2179,4.8,,No
Mister Sparky,(813) 358-4850,+18133584850,Tampa,FL,Electrical,2599,4.8,,No
Mr. Electric of Dallas,(469) 634-0316,+14696340316,Dallas,TX,Electrical,1221,4.8,,No
ElectricMan,(972) 362-1804,+19723621804,Dallas,TX,Electrical,572,4.8,,No
Electrician On Call,(214) 235-7251,+12142357251,Dallas,TX,Electrical,699,4.9,,No
"4G Electrician, LLC",(972) 440-9952,+19724409952,Dallas,TX,Electrical,244,4.8,,No
Bright Light Electric,(214) 553-5333,+12145535333,Dallas,TX,Electrical,175,5.0,,No
W3 Electric,(214) 432-1383,+12144321383,Dallas,TX,Electrical,354,5.0,,No
