Business Name,Phone,Phone_Display,City,State,Niche,Reviews,Rating,Verification,Original Phone,Owner_Name,Owner_Confidence,Owner_Sources,Website
The Katy Plumbing Company Heating & Air,+12816388429,(281) 638-8429,Houston,TX,HVAC,3450,4.9,GBP-corrected,(281) 653-8269,,none,,http://www.yourkpc.com/
John Moore Services,+17138539881,(713) 853-9881,Houston,TX,HVAC,19087,4.7,GBP-verified,,,none,,http://www.johnmooreservices.com/
Air Tech of Houston AC & Plumbing,+18326805546,(832) 680-5546,Houston,TX,HVAC,5753,4.9,GBP-verified,,,none,,https://www.airtechofhouston.com/locations/houston-tx/
Mission Air Conditioning & Plumbing,+12815022062,(281) 502-2062,Houston,TX,HVAC,2842,4.8,GBP-verified,,,none,,https://www.missionac.com/locations/houston-tx/
Bellaire Air Conditioning,+17134282279,(713) 428-2279,Houston,TX,HVAC,472,4.9,GBP-verified,,Rusty Miller,medium,website,https://www.bellaireair.com/
The Lee Thompson Co,+17136886900,(713) 688-6900,Houston,TX,HVAC,420,4.9,GBP-verified,,Scott Thompson,medium,website,https://www.leethompsonac.com/
"All Star A/C, Plumbing & Electrical",+15135637221,(513) 563-7221,Houston,TX,HVAC,1798,4.9,GBP-corrected,(713) 842-9532,,none,,https://allstarairtexas.com/
House Pro Air Conditioning,+12819416471,(281) 941-6471,Houston,TX,HVAC,1381,4.7,GBP-verified,,,none,,https://www.houseproac.com/
Be Cool AC & Heating,+18329066113,(832) 906-6113,Houston,TX,HVAC,575,5.0,GBP-verified,,Beau Brown,medium,website,https://becoolachouston.com/
"All American AC & Heating, LLC.",+12819684505,(281) 968-4505,Houston,TX,HVAC,925,4.8,GBP-verified,,,none,,https://allamericanacandheat.com/
One Hour Air Conditioning & Heating of Houston,+12814079754,(281) 407-9754,Houston,TX,HVAC,10085,4.8,GBP-verified,,,none,,https://www.onehourheatandair.com/houston/
"Master AC and Heat, LLC- The Heights",+17137509769,(713) 750-9769,Houston,TX,HVAC,165,4.8,GBP-verified,,,none,,http://masteracandheat.com/
Royal Air Houston,+18323345959,(832) 334-5959,Houston,TX,HVAC,8264,4.6,GBP-verified,,George Saleh,medium,website,https://www.royalairhouston.com/
"Abacus Plumbing, Air Conditioning, & Electrical",+17138127070,(713) 812-7070,Houston,TX,HVAC,11739,4.7,GBP-verified,,Alan O’Neill,medium,website,https://www.abacusplumbing.net/
Richmonds Air,+17139994735,(713) 999-4735,Houston,TX,HVAC,356,4.8,GBP-verified,,,none,,
Dave Lanes Hi-Tech Mechanical Inc.,+17134656345,(713) 465-6345,Houston,TX,HVAC,1008,4.9,GBP-verified,,,none,,
75 Degree AC- Houston,+17135982737,(713) 598-2737,Houston,TX,HVAC,222,5.0,GBP-verified,,,none,,https://75degreeac.com/
Excel Air,+17133002803,(713) 300-2803,Houston,TX,HVAC,453,4.9,GBP-verified,,Mauricio Arreguin,medium,website,http://www.excelairconditioning.com/
Ace Comfort Air Conditioning & Heating,+12816585141,(281) 658-5141,Houston,TX,HVAC,174,5.0,GBP-verified,,Abram Ayala,medium,website,http://www.acecomfort-tx.com/
AIRTEAM Heating & Cooling,+17139365346,(713) 936-5346,Houston,TX,HVAC,1450,4.8,GBP-verified,,,none,,http://www.airteamltd.com/
Houston Smart Air Cooling and Heating,+12818096444,(281) 809-6444,Houston,TX,HVAC,152,4.9,GBP-verified,,Jay Jahantash,medium,website,https://www.houstonsmartair.com/
"Peter's Plumbing & Remodeling, LLC",+18323018531,(832) 301-8531,Houston,TX,Plumbing,123,4.9,GBP-verified,,,none,,http://petersplumbingtx.com/
Houston Plumbing Services,+17138978532,(713) 897-8532,Houston,TX,Plumbing,220,4.9,GBP-corrected,(713) 231-3309,,none,,https://www.houstonplumbingservices.com/
Nick's Plumbing & Air Conditioning,+17138689907,(713) 868-9907,Houston,TX,Plumbing,4030,4.7,GBP-verified,,,none,,https://www.nicksplumbing.com/
"Village Plumbing, Air & Electric",+12816075357,(281) 607-5357,Houston,TX,Plumbing,9577,4.8,GBP-verified,,,none,,https://villageplumbing.com/
GEI Plumbing Services Houston,+18324028312,(832) 402-8312,Houston,TX,Plumbing,653,4.8,GBP-verified,,,none,,http://www.geiplumbingservices.com/
Texas Plumbing,+17133850349,(713) 385-0349,Houston,TX,Plumbing,173,4.6,GBP-corrected,(713) 478-5766,Nathan Rosalinda,medium,website,https://www.texasplumbing911.com/
Texas Quality Plumbing,+17133850349,(713) 385-0349,Houston,TX,Plumbing,3725,4.8,GBP-verified,,,none,,https://www.texasqualityplumbing.com/
Halo Plumbing Services,+13466425698,(346) 642-5698,Houston,TX,Plumbing,524,4.8,GBP-verified,,,none,,https://haloplumbingtx.com/
Cooper Plumbing | Houston Plumber,+18324419683,(832) 441-9683,Houston,TX,Plumbing,510,4.9,GBP-verified,,,none,,https://www.cooperplumbinghouston.com/
David Hicks Plumbing,+17135280141,(713) 528-0141,Houston,TX,Plumbing,195,4.6,GBP-verified,,,none,,https://www.davidhicksplumbing.com/
One plumbing expert houston,+13464895622,(346) 489-5622,Houston,TX,Plumbing,55,5.0,GBP-verified,,,none,,https://oneplumbingexperthouston.com/
"C&R Plumbing Services, LLC.",+17132318555,(713) 231-8555,Houston,TX,Plumbing,68,4.9,GBP-verified,,Robert Duque,medium,website,https://cnrplumber.com/
GC&more. Plomeros en Houston & Construction,+18324541397,(832) 454-1397,Houston,TX,Plumbing,146,4.9,GBP-verified,,,none,,https://gcmore.com/
Aberle Plumbing LLC,+12814585911,(281) 458-5911,Houston,TX,Plumbing,482,4.9,GBP-verified,,,none,,http://aberleplumbing.com/
H-Town Plumbers,+18323180390,(832) 318-0390,Houston,TX,Plumbing,273,4.9,GBP-verified,,,none,,https://www.htownplumbers.com/
Paul Richard Electric,+18322067990,(832) 206-7990,Houston,TX,Electrical,162,4.7,GBP-verified,,,none,,https://paulrichardelectric.com/
"A1 Plus Electrical, Plumbing and Air",+18325095747,(832) 509-5747,Houston,TX,Electrical,4558,4.8,GBP-verified,,,none,,https://a1plus.com/electrical-services/
Mid-West Electric Company-Houston,+17136810627,(713) 681-0627,Houston,TX,Electrical,50,4.9,GBP-verified,,,none,,https://mid-westelectric.com/
Mr. Electric of Houston Midtown,+18328446353,(832) 844-6353,Houston,TX,Electrical,509,4.8,GBP-verified,,,none,,https://mrelectric.com/houston-midtown/
Electrical Masters Company Inc.,+18329703101,(832) 970-3101,Houston,TX,Electrical,102,5.0,GBP-verified,,,none,,https://www.electricalmasterscompany.com/
Action Electric Co,+17133925795,(713) 392-5795,Houston,TX,Electrical,102,4.9,GBP-verified,,,none,,
Colwell Electric,+17133226452,(713) 322-6452,Houston,TX,Electrical,218,4.9,GBP-verified,,,none,,https://www.colwellelectric.com/
"West Houston Electric, Inc.",+12817478821,(281) 747-8821,Houston,TX,Electrical,2255,4.9,GBP-verified,,Randy Deyo,medium,website,https://www.westhoustonelectric.com/
Harvest Electrical Solutions,+18325848448,(832) 584-8448,Houston,TX,Electrical,348,5.0,GBP-verified,,,none,,http://harvest-tx.com/
Camden Electric LLC,+18322123118,(832) 212-3118,Houston,TX,Electrical,51,4.9,GBP-verified,,,none,,https://camdenelectricllc.com/
Nextdoor Electric,+18328413889,(832) 841-3889,Houston,TX,Electrical,337,4.9,GBP-verified,,,none,,https://www.nextdoorelectrictx.com/
Dynamic Electric Inc,+17138963123,(713) 896-3123,Houston,TX,Electrical,172,4.8,GBP-verified,,Edgar Larios,medium,website,http://www.dynamicelecusa.com/
Electrical Works of Houston,+17134760429,(713) 476-0429,Houston,TX,Electrical,56,5.0,GBP-verified,,Rick Curry,medium,website,https://www.electricalworksofhouston.com/
Right Touch Electrical West Houston,+12815197485,(281) 519-7485,Houston,TX,Electrical,85,4.9,GBP-verified,,,none,,https://www.righttouchelectrical.com/
"Definite Electric, LLC",+18325809613,(832) 580-9613,Houston,TX,Electrical,67,4.9,GBP-verified,,,none,,https://www.definiteelectric.com/
Mister Sparky Electrician Houston,+17134282120,(713) 428-2120,Houston,TX,Electrical,1129,4.8,GBP-verified,,,none,,https://www.mistersparky-houston.com/
Innovative Skylights & Attics,+17134661551,(713) 466-1551,Houston,TX,Roofing,115,4.8,GBP-verified,,Jonathan Hearts,medium,website,https://innovativeskylights.com/
JC&C Roofing Company,+12814987663,(281) 498-7663,Houston,TX,Roofing,397,4.8,GBP-verified,,Christian Hernandez,medium,website,https://www.myroofimprovement.com/
Houston Roofing & Construction,+17134661551,(713) 466-1551,Houston,TX,Roofing,326,4.9,GBP-corrected,(832) 237-3737,,none,,http://www.houstonroofingonline.com/
Amstill Roofing,+12816128747,(281) 612-8747,Houston,TX,Roofing,1641,4.9,GBP-verified,,Sam Stilley,medium,website,https://amstillroofing.com/houston-roofing/
EZ Roof and Construction,+18329795409,(832) 979-5409,Houston,TX,Roofing,544,4.9,GBP-verified,,,none,,https://ezroofhouston.com/
"Precision Roof Crafters, Inc.",+17134971211,(713) 497-1211,Houston,TX,Roofing,403,4.9,GBP-verified,,,none,,https://precisionroofcrafters.com/
Priority Roofing,+12813800357,(281) 380-0357,Houston,TX,Roofing,344,5.0,GBP-verified,,,none,,https://priorityroofs.com/location/houston/
Best Roofing and Construction LLC,+18326555418,(832) 655-5418,Houston,TX,Roofing,52,4.9,GBP-verified,,,none,,http://www.bestroofingandconstructionllc.com/
All Over Exterior Roofing,+12818466665,(281) 846-6665,Houston,TX,Roofing,240,5.0,GBP-verified,,,none,,https://allovertxroofing.com/
Houston Roofing Experts,+17134661551,(713) 466-1551,Houston,TX,Roofing,112,4.9,GBP-corrected,(713) 291-3866,Agustin Gomez,medium,website,https://houstonroofingexperts.com/
Monarch Roofing Houston,+18322150987,(832) 215-0987,Houston,TX,Roofing,156,4.7,GBP-verified,,Shane Schlemeyer,medium,website,https://www.monarch-roofing.com/
Advanced Roofing Solutions LLC,+17134661551,(713) 466-1551,Houston,TX,Roofing,230,4.8,GBP-corrected,(832) 430-7374,Timothy R. Payne,medium,website,https://www.advancedroofinghouston.com/
State Roofing Company,+12812937000,(281) 293-7000,Houston,TX,Roofing,135,4.9,GBP-verified,,,none,,https://www.stateroofingtexas.com/
314 Roofing Solutions,+18329091681,(832) 909-1681,Houston,TX,Roofing,1146,5.0,GBP-verified,,,none,,https://314roofing.com/
TX Roofing & Services,+17138202302,(713) 820-2302,Houston,TX,Roofing,83,4.9,GBP-verified,,,none,,http://www.txroofingandservices.com/
Moss Roofing Houston,+18328408027,(832) 840-8027,Houston,TX,Roofing,621,5.0,GBP-verified,,,none,,http://www.mossroofinghouston.com/
Rose Roofing,+17138495155,(713) 849-5155,Houston,TX,Roofing,432,4.9,GBP-verified,,,none,,https://www.roseroofing.com/
West Shore Home,+17139292795,(713) 929-2795,Houston,TX,General Contractor,890,4.9,GBP-corrected,(866) 727-5031,,none,,https://westshorehome.com/locations/houston-tx/
HM General Contractors,+17139476548,(713) 947-6548,Houston,TX,General Contractor,62,4.6,GBP-verified,,,none,,
Houston Remodeling Contractors,+13467884431,(346) 788-4431,Houston,TX,General Contractor,63,4.2,GBP-corrected,(713) 597-1604,,none,,http://www.houstonremodelingcontractors.com/
Houston Construction Pro,+18328105377,(832) 810-5377,Houston,TX,General Contractor,58,5.0,GBP-verified,,,none,,https://houstonconstructionpro.com/
RJT Construction LLC,+18329794175,(832) 979-4175,Houston,TX,General Contractor,111,4.9,GBP-verified,,,none,,https://rjt-constructionllc.com/
Platinum Construction Houston,+12818014719,(281) 801-4719,Houston,TX,General Contractor,63,4.7,GBP-corrected,(832) 803-0984,Ryan Volkers,medium,website,https://www.platinumconstructiontx.com/
SK Houston Constructions,+18322497807,(832) 249-7807,Houston,TX,General Contractor,140,4.9,GBP-verified,,,none,,https://www.skhoustonconstructions.com/
Unique Builders and Remodeling Houston,+17139033233,(713) 903-3233,Houston,TX,General Contractor,177,4.6,GBP-verified,,,none,,https://www.uniquebuilderstexas.com/
Luxurious Construction LLC,+12819012563,(281) 901-2563,Houston,TX,General Contractor,89,5.0,GBP-verified,,,none,,https://www.luxuriousconstruct.com/
Manuel and Sons Service Co.,+12105494839,(210) 549-4839,San Antonio,TX,HVAC,160,4.8,GBP-verified,,Ben Tamez,medium,website,https://manuelandsons.com/
Goettl Air Conditioning and Plumbing - San Antonio TX,+12104603966,(210) 460-3966,San Antonio,TX,HVAC,10307,4.8,GBP-verified,,,none,,https://www.goettl.com/location/san-antonio-texas/
TemperaturePro San Antonio,+12106248776,(210) 624-8776,San Antonio,TX,HVAC,858,5.0,GBP-verified,,,none,,https://www.reliabee.com/
Rosenberg Plumbing & Air,+12105037388,(210) 503-7388,San Antonio,TX,HVAC,2540,4.9,GBP-verified,,Michael Rosenberg,medium,website,https://rosenberghvac.com/
Air Authority LLC,+12108096493,(210) 809-6493,San Antonio,TX,HVAC,618,4.8,GBP-verified,,Chester Bull,medium,website,http://www.airauthorityllc.com/
Will Fix It,+12108668048,(210) 866-8048,San Antonio,TX,HVAC,8854,4.6,GBP-verified,,,none,,https://www.willfixit.com/locations
Champion AC - Climate Magic,+12109728796,(210) 972-8796,San Antonio,TX,HVAC,440,4.9,GBP-verified,,,none,,https://www.championac.com/air-conditioning/
Comfort-Air Engineering & Primo Plumbing,+12106721874,(210) 672-1874,San Antonio,TX,HVAC,481,4.8,GBP-verified,,Clint Wurzbach,medium,website,https://www.comfort-air.com/
Cowboy's Air Conditioning & Heating,+12104058925,(210) 405-8925,San Antonio,TX,HVAC,3911,4.7,GBP-verified,,,none,,https://www.cowboysac.com/
Radiant Plumbing & Air Conditioning,+12109343761,(210) 934-3761,San Antonio,TX,HVAC,2135,4.8,GBP-verified,,,none,,https://radiantplumbing.com/san-antonio/
Zero Heating AC & Refrigeration,+12109000824,(210) 900-0824,San Antonio,TX,HVAC,517,5.0,GBP-verified,,,none,,http://zerohvacandrefrigeration.com/
Zimmermann Air Conditioning & Heating,+12103408283,(210) 340-8283,San Antonio,TX,HVAC,1091,4.9,GBP-verified,,,none,,https://www.zimmermannservices.com/
AC Doctors,+12105432237,(210) 543-2237,San Antonio,TX,HVAC,285,4.9,GBP-verified,,Raul Rodriguez,medium,website,http://www.acdoctorstx.com/
Air Dynamics Mechanical,+12108523535,(210) 852-3535,San Antonio,TX,HVAC,225,4.9,GBP-verified,,,none,,http://www.airdynamicsmech.com/
EZ Air Conditioning & Heating,+12105587883,(210) 558-7883,San Antonio,TX,HVAC,582,4.9,GBP-verified,,,none,,https://www.ezacandheat.com/
AIR SYSTEMS A/C-HEATING AND REFRIGERATION,+19377764851,(937) 776-4851,San Antonio,TX,HVAC,294,4.9,GBP-corrected,(210) 738-2665,,none,,http://airsystemsac.com/
Blueline Heating & Air Conditioning LLC,+12106865500,(210) 686-5500,San Antonio,TX,HVAC,321,5.0,GBP-verified,,Joseph Deleon,medium,website,https://bluelineac.net/
Reliant Plumbing - San Antonio,+12104688020,(210) 468-8020,San Antonio,TX,Plumbing,556,4.7,GBP-verified,,Max Hicks,medium,website,https://reliantplumbing.com/recent-projects-san-antonio-area/
George Plumbing Co.,+12107400748,(210) 740-0748,San Antonio,TX,Plumbing,569,4.9,GBP-verified,,George S.,medium,website,https://yell4george.com/
"Big City Plumbing, LLC",+12104991010,(210) 499-1010,San Antonio,TX,Plumbing,1142,4.9,GBP-verified,,,none,,https://bigcityplumbingsa.com/
City Base Plumbing,+12107246225,(210) 724-6225,San Antonio,TX,Plumbing,405,4.9,GBP-verified,,,none,,https://www.citybaseplumbing.com/
San Antonio Plumbing,+12105203333,(210) 520-3333,San Antonio,TX,Plumbing,1052,4.8,GBP-verified,,,none,,https://www.sanantonioplumbing.co/
Chambliss Plumbing Company,+12107977471,(210) 797-7471,San Antonio,TX,Plumbing,1433,5.0,GBP-verified,,,none,,https://chamblissplumbing.com/
1st Call Plumbing & AC,+12104460200,(210) 446-0200,San Antonio,TX,Plumbing,1968,4.9,GBP-verified,,John Aramendia,medium,website,https://1stcallplumbingandac.com/
Ambition Plumbing & Drain Services,+12102093510,(210) 209-3510,San Antonio,TX,Plumbing,594,4.9,GBP-verified,,,none,,http://www.ambitionplumbing.com/
J. R.'s Plumbing,+12107318433,(210) 731-8433,San Antonio,TX,Plumbing,107,4.4,GBP-verified,,,none,,https://www.jrsplumbing.net/
Mr. Plumber Plumbing Co.,+12106847010,(210) 684-7010,San Antonio,TX,Plumbing,1641,4.8,GBP-verified,,,none,,https://www.mrplumbersa.com/plumbing-services/
PlumbSmart,+12108100810,(210) 810-0810,San Antonio,TX,Plumbing,1020,4.9,GBP-verified,,,none,,https://plumbsmart-tx.com/
Mai Vu Plumbing,+12103931488,(210) 393-1488,San Antonio,TX,Plumbing,531,4.9,GBP-verified,,,none,,https://www.maivuplumbing.com/
Smith & Sons Plumbing,+12103380046,(210) 338-0046,San Antonio,TX,Plumbing,157,4.9,GBP-verified,,Peter Smith,medium,website,http://www.smithandsonstx.com/
Beyer Plumbing Company,+12102458053,(210) 245-8053,San Antonio,TX,Plumbing,139,4.9,GBP-verified,,Perry L. Beyer Jr.,medium,website,https://beyerplumbing.com/
Roadrunner Plumbing & Air,+12107632721,(210) 763-2721,San Antonio,TX,Plumbing,649,4.9,GBP-verified,,Chris Copeland,medium,website,https://www.callroadrunnerplumbing.com/
J.C. Enriquez Plumbing & Restoration,+12108308243,(210) 830-8243,San Antonio,TX,Plumbing,418,4.5,GBP-verified,,,none,,https://jcenriquezplumbing.com/
Juan's Plumbing Services,+12105143476,(210) 514-3476,San Antonio,TX,Plumbing,141,4.9,GBP-verified,,,none,,
Denali Electric LLC,+12106862700,(210) 686-2700,San Antonio,TX,Electrical,152,5.0,GBP-corrected,(210) 328-1115,,none,,https://www.denalielectricllc.com/
Citywide Electric,+12108570899,(210) 857-0899,San Antonio,TX,Electrical,153,4.9,GBP-verified,,,none,,http://citywideelectric.net/
Jireh Electric - Electrician San Antonio TX,+12106862700,(210) 686-2700,San Antonio,TX,Electrical,537,4.9,GBP-corrected,(210) 405-4407,,none,,https://jirehelectric.com/
Mr. Electric of San Antonio,+12104681100,(210) 468-1100,San Antonio,TX,Electrical,1149,4.8,GBP-verified,,,none,,https://mrelectric.com/san-antonio/
Bolt Electric,+12105452658,(210) 545-2658,San Antonio,TX,Electrical,304,4.9,GBP-verified,,,none,,https://www.boltelectricsa.com/all-services/
Absolute Power Electrical Contractors,+12106473138,(210) 647-3138,San Antonio,TX,Electrical,355,4.9,GBP-verified,,George Salinas,medium,website,http://www.absolute-pwr.com/
Allgood Electric,+12102554663,(210) 255-4663,San Antonio,TX,Electrical,766,4.8,GBP-verified,,,none,,https://allgoodelectric.com/
Sunbelt Electric San Antonio,+12107652434,(210) 765-2434,San Antonio,TX,Electrical,82,4.7,GBP-verified,,,none,,http://sunbeltelectricsa.com/
All Star Electric,+12103910274,(210) 391-0274,San Antonio,TX,Electrical,106,4.7,GBP-verified,,,none,,https://www.allstarelectric-sa.com/
"Wired Generations Electrical Contractors, LLC",+17268004519,(726) 800-4519,San Antonio,TX,Electrical,99,5.0,GBP-verified,,Edward Saravia,medium,website,https://www.wiredgenerations-electrical.com/
LM Electric,+18303186993,(830) 318-6993,San Antonio,TX,Electrical,52,4.9,GBP-verified,,,none,,https://www.lmelectricsa.com/
Pro Electric San Antonio,+17267629737,(726) 762-9737,San Antonio,TX,Electrical,50,4.5,GBP-verified,,,none,,http://proelectricsa.com/
Bell Electric LLC,+12104225547,(210) 422-5547,San Antonio,TX,Electrical,113,4.8,GBP-verified,,,none,,http://bellelectricsa.com/
"4A Electrical Services, LLC",+12106218687,(210) 621-8687,San Antonio,TX,Electrical,291,5.0,GBP-verified,,Henry Alonzo,medium,website,https://www.4aelectricalservices.com/
KJ Electric Co. Inc.,+12107366155,(210) 736-6155,San Antonio,TX,Electrical,51,4.8,GBP-verified,,,none,,
Bondoc Roofing: San Antonio Roofing Company,+12107961096,(210) 796-1096,San Antonio,TX,Roofing,1257,4.9,GBP-verified,,,none,,https://bondocroofing.com/
Rhino Roofers: San Antonio Roofing Company,+12107562834,(210) 756-2834,San Antonio,TX,Roofing,1334,5.0,GBP-verified,,,none,,https://rhinoroofers.com/
Presidio Roofing Company of San Antonio,+12109207906,(210) 920-7906,San Antonio,TX,Roofing,309,5.0,GBP-verified,,Mike Tavenner,medium,website,https://presidioroof.com/
Texas Family Roofing,+12109412858,(210) 941-2858,San Antonio,TX,Roofing,882,4.9,GBP-verified,,Paul Perez,medium,website,https://texasfamilyroofing.com/
Stephens Roofing & Remodeling,+12107850994,(210) 785-0994,San Antonio,TX,Roofing,581,4.5,GBP-verified,,,none,,https://www.stephensroofing.net/
BH Roofing: San Antonio Roofing Company,+12102679029,(210) 267-9029,San Antonio,TX,Roofing,434,4.9,GBP-verified,,Bobby Hernandez,medium,website,https://bhroofingsa.com/
Rox Roofing,+12109038139,(210) 903-8139,San Antonio,TX,Roofing,311,4.9,GBP-verified,,,none,,https://roxroofing.com/
Premier Roofing and Contracting,+12108676001,(210) 867-6001,San Antonio,TX,Roofing,206,4.9,GBP-verified,,,none,,https://www.premierroofingandcontracting.com/
Integrity Roofing & Siding,+12103407663,(210) 340-7663,San Antonio,TX,Roofing,328,4.8,GBP-verified,,,none,,https://integritysa.com/
Ideal Precision Roofing & Exteriors LLC,+12104851553,(210) 485-1553,San Antonio,TX,Roofing,385,4.9,GBP-verified,,Michael Munk,medium,website,http://www.idealprecisionroofing.com/
Apex Roofing & General Contractors,+17267277663,(726) 727-7663,San Antonio,TX,Roofing,189,4.9,GBP-verified,,,none,,https://apexroofing.biz/
Shield Roofing: San Antonio Roofing Company,+12103483680,(210) 348-3680,San Antonio,TX,Roofing,335,5.0,GBP-verified,,,none,,https://shieldroofingonline.com/
Two Brothers Roofing,+12103614013,(210) 361-4013,San Antonio,TX,Roofing,167,4.9,GBP-verified,,Ruben Cardenas,medium,website,http://twoprobros.com/
Dolan Roofing & Construction,+12103614924,(210) 361-4924,San Antonio,TX,Roofing,432,5.0,GBP-verified,,,none,,https://www.dolanroofing.com/san-antonio/
Cool Roofs - San Antonio,+17262273008,(726) 227-3008,San Antonio,TX,Roofing,226,5.0,GBP-verified,,,none,,https://coolroofs.co/location/san-antonio/
Blues Crews,+18303602583,(830) 360-2583,San Antonio,TX,Roofing,426,5.0,GBP-verified,,Brandon Green,medium,website,https://www.thebluescrews.com/
GMG Construction of South Texas,+12102607951,(210) 260-7951,San Antonio,TX,General Contractor,99,4.8,GBP-verified,,,none,,http://www.gmgconstructionofsouthtx.com/
Premium Construction San Antonio,+12106105003,(210) 610-5003,San Antonio,TX,General Contractor,838,4.4,GBP-verified,,,none,,https://sites.google.com/view/premiumconstructionsanantonio/home
Herbert H. Construction,+12103381824,(210) 338-1824,San Antonio,TX,General Contractor,100,4.9,GBP-verified,,,none,,https://www.herberthconstructionsa.com/
ALO General Contractor,+12105483906,(210) 548-3906,San Antonio,TX,General Contractor,92,4.8,GBP-verified,,,none,,https://alogc.com/
INDOOR EXPERTS HEATING & AIR CONDITIONING,+16785062226,(678) 506-2226,Atlanta,GA,HVAC,102,4.8,GBP-verified,,,none,,https://www.indoorexperts.com/
"Essential Heating & Air Conditioning, Inc.",+17702104822,(770) 210-4822,Atlanta,GA,HVAC,269,4.8,GBP-verified,,Anthony L. Detamore,medium,website,http://www.essentialheatandair.com/
ATLANTA HVAC PROS,+14049620203,(404) 962-0203,Atlanta,GA,HVAC,57,4.8,GBP-verified,,,none,,
Esquire Heating And Air,+14043978224,(404) 397-8224,Atlanta,GA,HVAC,84,4.9,GBP-verified,,,none,,http://www.esquirehvac.com/
Mayott Heating and Air Conditioning,+16786987840,(678) 698-7840,Atlanta,GA,HVAC,347,4.8,GBP-verified,,,none,,
O'Callaghan Heating & Air Conditioning,+14045776885,(404) 577-6885,Atlanta,GA,HVAC,587,4.9,GBP-verified,,,none,,http://ocallaghanair.com/
Rodeo Plumbing of Atlanta,+14044700443,(404) 470-0443,Atlanta,GA,Plumbing,454,5.0,GBP-verified,,,none,,
Morningside Plumbing,+14048731881,(404) 873-1881,Atlanta,GA,Plumbing,330,4.8,GBP-verified,,,none,,
McCall Enterprises,+17704846402,(770) 484-6402,Atlanta,GA,Electrical,514,5.0,GBP-verified,,,none,,https://mccallent.com/
Pat Murphy Electric Inc.,+14045774191,(404) 577-4191,Atlanta,GA,Electrical,825,4.9,GBP-verified,,,none,,https://patmurphyelectric.com/
The Electrician,+14042560169,(404) 256-0169,Atlanta,GA,Electrical,448,5.0,GBP-verified,,Warren Manne,medium,website,https://www.theelectricianatlanta.com/
1st Generation Electric LLC,+14047894596,(404) 789-4596,Atlanta,GA,Electrical,112,5.0,GBP-verified,,Brian Foster,medium,website,http://firstgenelectric.com/
Handy Electrician,+16788735674,(678) 873-5674,Atlanta,GA,Electrical,215,4.9,GBP-verified,,Percy Hampton,medium,website,http://www.handyelectrician.com/
Yara Electric,+18439913654,(843) 991-3654,Atlanta,GA,Electrical,77,4.9,GBP-verified,,,none,,https://www.thumbtack.com/ga/atlanta/electrical-repairs/yara-electric/service/412197754593878024
Mr Wise Electric,+14046719488,(404) 671-9488,Atlanta,GA,Electrical,108,4.8,GBP-verified,,,none,,http://mrwiseelectric.com/
"Castle Roofing Atlanta, GA",+14706016422,(470) 601-6422,Atlanta,GA,Roofing,597,4.8,GBP-verified,,,none,,https://www.castleroofing.us/
Colony Roofers,+14704659624,(470) 465-9624,Atlanta,GA,Roofing,409,4.9,GBP-verified,,,none,,https://www.colonyroofers.com/
Mr. Roofer,+17706373874,(770) 637-3874,Atlanta,GA,Roofing,185,4.9,GBP-verified,,,none,,https://www.mrrooferatlanta.com/roofing-company-atlanta/
The Cool Roofing Company Atlanta,+18882161766,(888) 216-1766,Atlanta,GA,Roofing,98,4.9,GBP-verified,,,none,,https://thecoolroofingcompany.com/service-areas/georgia/atlanta/
Bell Roofing,+14048747663,(404) 874-7663,Atlanta,GA,Roofing,478,4.8,GBP-verified,,,none,,http://www.bellroofingco.com/
Mosaic Roofing Company LLC,+14042603168,(404) 260-3168,Atlanta,GA,Roofing,104,5.0,GBP-verified,,,none,,https://mosaicroofingcompany.com/
Bumble Roofing of North Atlanta,+14703543188,(470) 354-3188,Atlanta,GA,Roofing,115,5.0,GBP-verified,,,none,,https://bumbleroofing.com/north-atlanta
YMH Construction,+17702150078,(770) 215-0078,Atlanta,GA,General Contractor,58,5.0,GBP-corrected,(404) 483-8261,,none,,
CRM Construction & Renovation,+14704186437,(470) 418-6437,Atlanta,GA,General Contractor,56,5.0,GBP-verified,,,none,,https://www.crm-construction.com/
1st Choice Custom Homes and Remodel ATL,+16786402272,(678) 640-2272,Atlanta,GA,General Contractor,116,4.9,GBP-verified,,,none,,http://www.1stchoiceremodelatl.com/
Affordable Remodeling,+14045319292,(404) 531-9292,Atlanta,GA,General Contractor,195,4.7,GBP-verified,,,none,,http://www.affordableremodelingatl.com/
Ken Muncy Air Conditioning,+14802109071,(480) 210-9071,Phoenix,AZ,HVAC,279,5.0,GBP-corrected,(480) 267-9159,,none,,https://www.kenmuncy.com/
APES HVAC & Plumbing,+16235211172,(623) 521-1172,Phoenix,AZ,HVAC,2493,4.9,GBP-corrected,(833) 851-3167,,none,,https://go4apes.com/
AZ Perfect Comfort Heating & Cooling,+16028588261,(602) 858-8261,Phoenix,AZ,HVAC,711,4.9,GBP-verified,,,none,,https://azperfectcomfort.com/
"Maloney Plumbing & Drain Services in Phoenix, AZ",+16026713617,(602) 671-3617,Phoenix,AZ,Plumbing,1061,4.9,GBP-verified,,,none,,https://www.maloneyplumbing.com/
"Robins Plumbing, Inc",+16234864657,(623) 486-4657,Phoenix,AZ,Plumbing,1287,4.9,GBP-verified,,,none,,https://www.robinsplumbing.com/
Somers Plumbers - Phoenix Plumbing Company,+14805682596,(480) 568-2596,Phoenix,AZ,Plumbing,295,5.0,GBP-verified,,,none,,https://www.somersplumbers.net/
"Benjamin Franklin Plumbing of Phoenix, AZ",+14802239348,(480) 223-9348,Phoenix,AZ,Plumbing,1912,4.8,GBP-verified,,,none,,https://www.benfranklinplumbingaz.com/
Custom Plumbing of Arizona - Phoenix,+16028662665,(602) 866-2665,Phoenix,AZ,Plumbing,643,4.7,GBP-verified,,Vince Hils,medium,website,https://customplumbingaz.com/
The Aussie Plumber,+16028205551,(602) 820-5551,Phoenix,AZ,Plumbing,963,5.0,GBP-verified,,James Hill,medium,website,https://www.theaussieplumber.com/
Simba Plumbing LLC,+16029623537,(602) 962-3537,Phoenix,AZ,Plumbing,539,4.9,GBP-verified,,Stefan Stefanovic,medium,website,https://www.simbaplumbing.co/
Rooter Hero Plumbing & Air of Phoenix,+14803510043,(480) 351-0043,Phoenix,AZ,Plumbing,1366,4.7,GBP-verified,,,none,,https://rooterhero.com/plumber-phoenix-az-plumbing-repair-service
Anthony's Plumbing,+16239365400,(623) 936-5400,Phoenix,AZ,Plumbing,645,4.8,GBP-verified,,,none,,https://www.dayandnightair.com/anthonysplumbing/
"Reeis Air Conditioning, Plumbing & Electrical",+14805815683,(480) 581-5683,Phoenix,AZ,Electrical,1651,4.9,GBP-corrected,(480) 969-7500,,none,,http://reeis.com/
Simple Electric,+16022904707,(602) 290-4707,Phoenix,AZ,Electrical,559,4.9,GBP-verified,,,none,,https://simpleelectricaz.com/
Turn It On Electric,+16029627299,(602) 962-7299,Phoenix,AZ,Electrical,474,4.6,GBP-verified,,Chad Ridenour,medium,website,https://turnitonelectric.com/
Super Electric,+16022521280,(602) 252-1280,Phoenix,AZ,Electrical,301,4.7,GBP-corrected,(602) 904-6842,,none,,
Phoenix Electrician | OE Electric,+16027159346,(602) 715-9346,Phoenix,AZ,Electrical,57,4.7,GBP-verified,,,none,,https://oeelectricllc.com/
Phoenix Best Electricians,+16027801140,(602) 780-1140,Phoenix,AZ,Electrical,124,4.8,GBP-verified,,,none,,
Mr. Electric of Phoenix Metro,+14805821249,(480) 582-1249,Phoenix,AZ,Electrical,1250,4.9,GBP-verified,,,none,,https://mrelectric.com/phoenix-metro/
P. J. Hussey Construction,+16239342424,(623) 934-2424,Phoenix,AZ,General Contractor,109,4.9,GBP-verified,,Andrew Thruston,medium,website,https://www.pjh-construction.com/
Princeton Construction,+16026031102,(602) 603-1102,Phoenix,AZ,General Contractor,50,4.9,GBP-verified,,,none,,https://www.princetonaz.com/
Arizona Construction & Restoration,+16022578444,(602) 257-8444,Phoenix,AZ,General Contractor,73,4.4,GBP-verified,,Zach Brizzee,medium,website,http://www.azdisaster.com/
Phoenix Home Remodeling,+16026105610,(602) 610-5610,Phoenix,AZ,General Contractor,129,5.0,GBP-corrected,(602) 492-8205,Jeremy M.,medium,website,https://phxhomeremodeling.com/welcome/
"Heart Heating, Cooling, Plumbing & Electric",+17207120649,(720) 712-0649,Denver,CO,HVAC,2909,4.8,GBP-verified,,,none,,https://servicebyheart.com/
"Rogers & Sons, Inc.",+17207293521,(720) 729-3521,Denver,CO,HVAC,332,4.7,GBP-verified,,,none,,https://rogershvac.com/
Premier Mechanical,+17202076812,(720) 207-6812,Denver,CO,HVAC,159,5.0,GBP-verified,,,none,,
"Tipping Hat Plumbing, Heating & Electric",+13032224289,(303) 222-4289,Denver,CO,Plumbing,6843,4.7,GBP-verified,,,none,,https://www.tippinghat.com/
MCCARRICK ELECTRIC,+17206011991,(720) 601-1991,Denver,CO,Electrical,124,5.0,GBP-verified,,,none,,https://www.mccarrickelectric.com/
All Electric,+17209514619,(720) 951-4619,Denver,CO,Electrical,403,4.9,GBP-verified,,Daniel Vargas,medium,website,https://allelectriconline.com/
"Williams and Sons Electric, LLC.",+13037629484,(303) 762-9484,Denver,CO,Electrical,81,4.9,GBP-verified,,Tim Williams,medium,website,http://denverhomeelectricians.com/
CT Electrical Services,+17206011991,(720) 601-1991,Denver,CO,Electrical,100,4.9,GBP-corrected,(720) 298-5891,,none,,https://ctelectricalco.com/
Allstar Electrical Services,+13033997420,(303) 399-7420,Denver,CO,Electrical,144,4.5,GBP-verified,,,none,,http://www.allstarelectrical.com/
Mr. Electric,+17207979982,(720) 797-9982,Denver,CO,Electrical,54,5.0,GBP-verified,,,none,,https://www.mrelectriclittleton.com/electrician-denver-co-electrical-repair-services
Sphere Electric LLC,+17207058991,(720) 705-8991,Denver,CO,Electrical,114,5.0,GBP-verified,,,none,,http://www.sphereelectric.net/
Alside Supply Center,+13032952338,(303) 295-2338,Denver,CO,Roofing,87,4.0,GBP-verified,,,none,,https://www.alside.com/
Lifetime Roof & Solar - Denver,+13033356097,(303) 335-6097,Denver,CO,Roofing,448,5.0,GBP-verified,,,none,,https://mylifetimehome.com/services/residential-roofing-installations/
Denver Roofers LLC,+17204434202,(720) 443-4202,Denver,CO,Roofing,67,4.9,GBP-verified,,,none,,http://mydenverroofers.com/
Premier Roofing Company,+13032337663,(303) 233-7663,Denver,CO,Roofing,579,4.3,GBP-verified,,,none,,https://www.premier-roofing.com/locations/denver-roofing/
Core Roofing + Solar,+17207949144,(720) 794-9144,Denver,CO,Roofing,409,4.9,GBP-verified,,Tom Wolfram,medium,website,https://www.coreroofing.com/
Elite Roofing & Solar,+13032960361,(303) 296-0361,Denver,CO,Roofing,635,4.9,GBP-verified,,Randy Brothers,medium,website,https://www.elite-roofs.com/denver-roofers/
Denver Roofing and Construction LLC,+17203697035,(720) 369-7035,Denver,CO,Roofing,69,4.8,GBP-verified,,,none,,https://denroofing.com/
New Roof Plus,+13035297554,(303) 529-7554,Denver,CO,Roofing,186,5.0,GBP-verified,,Greg Jones,medium,website,https://www.newroofplus.com/
Formula Roofing and Remodeling,+13036008696,(303) 600-8696,Denver,CO,Roofing,469,4.8,GBP-verified,,,none,,http://www.formularoofing.com/
HVAC pros of Miami,+18664078535,(866) 407-8535,Miami,FL,HVAC,58,5.0,GBP-corrected,(305) 699-6896,,none,,
JJ A/C Service,+15132311156,(513) 231-1156,Miami,FL,HVAC,106,4.8,GBP-corrected,(305) 984-8016,,none,,http://jjacservice.com/
Coral Gables Plumbing Co,+13052809196,(305) 280-9196,Miami,FL,Plumbing,218,4.8,GBP-corrected,(305) 203-3870,,none,,https://www.coralgablesplumbing.com/
Main Plumbing Services,+17862693783,(786) 269-3783,Miami,FL,Plumbing,234,4.9,GBP-verified,,,none,,
AAAPLUMBINGSERVICES COM,+13055719430,(305) 571-9430,Miami,FL,Plumbing,115,5.0,GBP-corrected,(305) 504-3504,,none,,http://www.aaaplumbingservices.com/
4ever Roofing,+17865641020,(786) 564-1020,Miami,FL,Roofing,202,5.0,GBP-verified,,,none,,https://www.4everoofing.com/
T&S Roofing Systems,+13056767043,(305) 676-7043,Miami,FL,Roofing,1151,4.8,GBP-verified,,,none,,https://www.tsroofingsystems.com/
Miami Roof-Tech,+13057227606,(305) 722-7606,Miami,FL,Roofing,140,4.9,GBP-verified,,,none,,https://miamirooftech.com/
Mainland Roofing Company,+13056967663,(305) 696-7663,Miami,FL,Roofing,79,4.8,GBP-verified,,,none,,http://mainlandroofing.com/
Istueta Roofing,+13056146245,(305) 614-6245,Miami,FL,Roofing,206,4.7,GBP-verified,,,none,,http://www.istuetaroofing.com/
A&E Brothers Roofing,+13058157208,(305) 815-7208,Miami,FL,Roofing,537,4.9,GBP-verified,,,none,,https://www.aebrothersroofing.com/
Palma Roofing,+17868035439,(786) 803-5439,Miami,FL,Roofing,70,4.9,GBP-verified,,,none,,https://palmaroofing.com/
Honest Abe Roofing Miami,+13059164817,(305) 916-4817,Miami,FL,Roofing,214,4.9,GBP-verified,,,none,,https://www.honestaberoofing.com/miami
Prime Comfort,+19802943532,(980) 294-3532,Charlotte,NC,HVAC,373,4.9,GBP-corrected,(980) 440-2260,,none,,https://www.primecomforthvac.com/
Morris-Jenkins,+17043570484,(704) 357-0484,Charlotte,NC,HVAC,34140,4.9,GBP-verified,,,none,,https://morrisjenkins.com/
Horne Heating and Air Conditioning,+17043214173,(704) 321-4173,Charlotte,NC,HVAC,3098,4.9,GBP-verified,,,none,,https://hornehvac.com/
Super Cool HVAC,+17048992665,(704) 899-2665,Charlotte,NC,HVAC,654,5.0,GBP-verified,,Mitchell Demitruk,medium,website,http://www.supercoolcharlotte.com/
Andy Lewis Heating & Air Conditioning,+17043919191,(704) 391-9191,Charlotte,NC,HVAC,2907,4.8,GBP-verified,,,none,,https://www.andylewishvac.com/
HL Bowman Inc Plumbing Heating & AC,+17042435308,(704) 243-5308,Charlotte,NC,HVAC,875,4.8,GBP-verified,,,none,,https://hlbowman.com/locations/charlotte-nc/
Andersen Heating & Cooling,+17044761342,(704) 476-1342,Charlotte,NC,HVAC,1502,4.9,GBP-verified,,,none,,https://www.andersenservices.com/
Ross & Witmer Heating & Air Conditioning,+17046101119,(704) 610-1119,Charlotte,NC,HVAC,433,4.9,GBP-verified,,Ralph W. Phillips,medium,website,https://www.rossandwitmer.com/
United Plumbing LLC,+17048081931,(704) 808-1931,Charlotte,NC,Plumbing,71,5.0,GBP-verified,,,none,,http://www.unitedplumbingnc.com/
Roto-Rooter Plumbing & Water Cleanup,+17045351906,(704) 535-1906,Charlotte,NC,Plumbing,2337,4.8,GBP-corrected,(980) 983-8055,,none,,https://www.rotorooter.com/charlotte/
Queen City Plumbing,+17046344466,(704) 634-4466,Charlotte,NC,Plumbing,1456,4.8,GBP-verified,,Justin McFalls,medium,website,http://www.queencityplumbingcharlotte.com/
WyattWorks Plumbing Charlotte,+17048255000,(704) 825-5000,Charlotte,NC,Plumbing,1492,4.9,GBP-verified,,,none,,https://wyattworks.com/charlotte
AAA City Plumbing,+17045441909,(704) 544-1909,Charlotte,NC,Plumbing,1348,4.9,GBP-verified,,,none,,https://www.aaacityplumbing.com/
Charlotte Plumbing,+17046844664,(704) 684-4664,Charlotte,NC,Plumbing,1297,5.0,GBP-verified,,,none,,http://www.charlotteplumbing.com/
E.R. Services,+19802384848,(980) 238-4848,Charlotte,NC,Plumbing,4699,4.9,GBP-verified,,,none,,https://www.erservicesclt.com/
Benjamin Franklin Plumbing of Charlotte,+17047034220,(704) 703-4220,Charlotte,NC,Plumbing,3969,4.8,GBP-verified,,,none,,https://dependaworthyplumbing.com/
Michael & Son Services,+17044440562,(704) 444-0562,Charlotte,NC,Plumbing,4121,4.7,GBP-verified,,,none,,https://www.michaelandson.com/charlotte
Home Genius Exteriors,+19803723718,(980) 372-3718,Charlotte,NC,Roofing,282,4.8,GBP-corrected,(980) 303-6407,,none,,https://homegeniusexteriors.com/locations/charlotte-nc/
Southern Star Roofing Charlotte,+17049377663,(704) 937-7663,Charlotte,NC,Roofing,353,4.9,GBP-verified,,,none,,https://southernstarroofing.com/
Charlotte Roofing Specialists,+17046106616,(704) 610-6616,Charlotte,NC,Roofing,229,4.9,GBP-verified,,,none,,https://www.charlotteroofing.com/
Carolina Roof Consultants,+17042774582,(704) 277-4582,Charlotte,NC,Roofing,851,5.0,GBP-verified,,,none,,http://www.carolinaroofconsultants.com/
Roof Medic,+17042287788,(704) 228-7788,Charlotte,NC,Roofing,530,4.9,GBP-verified,,,none,,https://roofmedic.com/
Charlotte Ace Roofing,+17043968383,(704) 396-8383,Charlotte,NC,Roofing,487,5.0,GBP-verified,,,none,,https://charlotteaceroofing.com/
New Roof,+17049996034,(704) 999-6034,Charlotte,NC,Roofing,195,4.9,GBP-verified,,,none,,https://www.newroofclt.com/
H & S Roofing & Gutter Company,+17043349934,(704) 334-9934,Charlotte,NC,Roofing,192,4.5,GBP-verified,,Edward Arthur,medium,website,https://www.hsroofing.com/
"Four Seasons Heating, Air Conditioning, Plumbing, & Electric",+17732192190,(773) 219-2190,Chicago,IL,HVAC,28105,4.7,GBP-verified,,,none,,https://www.fourseasonsheatingcooling.com/
All Temp Heating and Air Conditioning,+17083203606,(708) 320-3606,Chicago,IL,HVAC,2291,4.9,GBP-verified,,,none,,https://alltemp.com/
Besco Air Inc.,+13128092695,(312) 809-2695,Chicago,IL,HVAC,1362,4.9,GBP-verified,,,none,,http://www.bescoair.net/
"TDH Mechanical, Heating and Cooling Contractors",+17733424338,(773) 342-4338,Chicago,IL,HVAC,170,4.8,GBP-verified,,Tim Jacquie,medium,website,https://www.chicagotdhmechanical.com/
"Chicago HVAC Repair Doctor, Inc.",+18723276372,(872) 327-6372,Chicago,IL,HVAC,859,4.9,GBP-verified,,,none,,
"Deljo Heating, Cooling & Plumbing",+17736579989,(773) 657-9989,Chicago,IL,HVAC,3227,4.9,GBP-verified,,Bob Clement,medium,website,https://deljoheating.com/
Heatmasters,+17737775700,(773) 777-5700,Chicago,IL,HVAC,711,4.8,GBP-verified,,,none,,https://www.heatmasters.com/
Chicago Heating & Cooling,+17083776469,(708) 377-6469,Chicago,IL,HVAC,156,4.9,GBP-corrected,(312) 852-5152,,none,,http://www.chicagoheatingandcooling.com/
"J. Blanton Plumbing, Sewer & Drain",+17736574820,(773) 657-4820,Chicago,IL,Plumbing,254,4.8,GBP-corrected,(773) 831-7597,,none,,http://www.jblantonplumbing.com/
Rescue Plumbing,+17732196071,(773) 219-6071,Chicago,IL,Plumbing,1523,4.9,GBP-verified,,Benjamin Vance,medium,website,https://www.myrescueplumbing.com/
Goode Plumbing,+17732808496,(773) 280-8496,Chicago,IL,Plumbing,2407,4.8,GBP-verified,,,none,,https://goodeplumbing.com/
First Chicago Plumbing,+18472623786,(847) 262-3786,Chicago,IL,Plumbing,288,4.8,GBP-verified,,Evgeni Petrov,medium,website,http://firstchicagoplumbing.com/
Apex Plumbing & Sewer Inc.,+17734777714,(773) 477-7714,Chicago,IL,Plumbing,231,4.6,GBP-verified,,,none,,https://www.apexplumbingchicago.com/
"Vanguard Plumbing and Sewer, Inc.",+17737410131,(773) 741-0131,Chicago,IL,Plumbing,372,4.9,GBP-verified,,,none,,https://vanguardplumbingandsewer.com/
Baethke Plumbing,+13126971550,(312) 697-1550,Chicago,IL,Plumbing,847,4.7,GBP-verified,,,none,,https://www.baethkeplumbing.com/
Temp Kings Air,+16264005300,(626) 400-5300,Los Angeles,CA,HVAC,68,5.0,GBP-verified,,,none,,https://tempkingsair.com/
"JW Plumbing, Heating and Air",+12133795931,(213) 379-5931,Los Angeles,CA,HVAC,2642,4.8,GBP-verified,,,none,,https://jwheatingandair.com/
Brody Pennell Heating & Air Conditioning,+13108964911,(310) 896-4911,Los Angeles,CA,HVAC,4695,4.9,GBP-verified,,,none,,http://brodypennell.com/
Los Angeles Air Conditioning Service,+18183411777,(818) 341-1777,Los Angeles,CA,HVAC,147,4.9,GBP-corrected,(424) 459-7191,,none,,
"Home Upgrade Specialist Inc (TESLA, HVAC, ROOF, SOLAR)",+18445162426,(844) 516-2426,Los Angeles,CA,HVAC,90,4.8,GBP-verified,,,none,,http://homeupgradespecialist.com/
Southwest Heating & Air Conditioning,+13108670703,(310) 867-0703,Los Angeles,CA,HVAC,333,4.9,GBP-verified,,,none,,http://www.southwesthvac.biz/
"A/C Control, Inc",+15132290029,(513) 229-0029,Los Angeles,CA,HVAC,294,4.7,GBP-corrected,(310) 943-7400,Marzi Eghtesadi,medium,website,https://ac-control.com/
Los Angeles HVAC Repair,+16267941187,(626) 794-1187,Los Angeles,CA,HVAC,102,4.9,GBP-corrected,(818) 280-8168,,none,,https://jwheatingandair.com/
John's Plumbing & Drain Services,+13234227485,(323) 422-7485,Los Angeles,CA,Plumbing,410,4.9,GBP-verified,,,none,,https://johnsplumber.com/
Red Lilly Plumbing,+13233194102,(323) 319-4102,Los Angeles,CA,Plumbing,513,4.8,GBP-verified,,Giovanni Torreschico,medium,website,https://www.redlillyplumbing.com/
"Monkey Wrench Plumbing, Heating, Air & Electric",+13236070494,(323) 607-0494,Los Angeles,CA,Plumbing,467,4.8,GBP-verified,,,none,,http://www.monkeywrenchservices.com/
New Generation Plumbing,+13232744863,(323) 274-4863,Los Angeles,CA,Plumbing,145,4.7,GBP-verified,,,none,,http://www.newgenerationplumbingcontractor.com/
A-1 Total Service Plumbing,+13236432844,(323) 643-2844,Los Angeles,CA,Plumbing,1504,4.9,GBP-verified,,Raymond Gray,medium,website,https://a-1totalserviceplumbing.com/
GR Plumbing,+13236414207,(323) 641-4207,Los Angeles,CA,Plumbing,109,4.8,GBP-verified,,,none,,https://www.gr-plumbing.com/
Lords of Plumbing,+13108456027,(310) 845-6027,Los Angeles,CA,Plumbing,246,4.9,GBP-verified,,,none,,http://lordsofplumbing.com/
Pacific Plumbing Team,+13236452537,(323) 645-2537,Los Angeles,CA,Plumbing,287,5.0,GBP-verified,,,none,,https://pacificplumbingteam.com/
Joseph & Sons Plumbing And Drains Inc,+13105691396,(310) 569-1396,Los Angeles,CA,Plumbing,131,4.9,GBP-verified,,Joseph Vasquez,medium,website,https://josephandsonsplumbing.com/
Costar Roofing Los Angeles,+18887060080,(888) 706-0080,Los Angeles,CA,Roofing,82,5.0,GBP-corrected,(818) 639-7731,,none,,https://costarroofinginc.com/
LA Roofing Contractors,+13107752324,(310) 775-2324,Los Angeles,CA,Roofing,54,4.8,GBP-corrected,(323) 900-5107,,none,,https://laroofingcontractors.homes/
Bilt-Well Roofing,+13232542888,(323) 254-2888,Los Angeles,CA,Roofing,152,4.7,GBP-verified,,,none,,https://biltwellroofing.com/
Metal Roofing Los Angeles,+14244691122,(424) 469-1122,Los Angeles,CA,Roofing,66,4.9,GBP-corrected,(323) 968-6348,,none,,https://www.metalroofinglosangeles.net/
Velocity Air Conditioning,+17273377716,(727) 337-7716,Tampa,FL,HVAC,2773,4.6,GBP-corrected,(813) 530-8127,,none,,https://velocityairconditioning.com/
REM Air Conditioning of Tampa,+18132485877,(813) 248-5877,Tampa,FL,HVAC,511,4.8,GBP-verified,,,none,,https://www.remairconditioning.com/
Blue Works Company Cast Iron Sewer Repair & Plumbing,+18772583664,(877) 258-3664,Tampa,FL,Plumbing,52,4.6,GBP-verified,,,none,,https://www.blueworkscompany.com/
Excellent Plumbing Services,+18137349192,(813) 734-9192,Tampa,FL,Plumbing,186,4.9,GBP-verified,,,none,,https://www.excellentplumbingtampa.com/
"Formula Plumbing South Tampa, FL",+18137612749,(813) 761-2749,Tampa,FL,Plumbing,418,4.9,GBP-verified,,,none,,https://formulaplumbing.com/
4thGen Roofing,+17273533024,(727) 353-3024,Tampa,FL,Roofing,109,5.0,GBP-verified,,,none,,https://4thgenroofing.com/
Roofing Contractors Tampa - Five Star Roofing and Construction,+17273533024,(727) 353-3024,Tampa,FL,Roofing,361,4.7,GBP-corrected,(800) 661-4026,,none,,
Westfall Roofing,+18132910693,(813) 291-0693,Tampa,FL,Roofing,1805,4.8,GBP-verified,,,none,,https://www.westfallroofing.com/roofing-contractor-in-tampa-fl/
Stay Dry Roofing of Tampa Bay Inc.,+18132329430,(813) 232-9430,Tampa,FL,Roofing,193,4.5,GBP-verified,,,none,,http://www.staydryfl.com/
Rainier Roofing LLC,+18139209065,(813) 920-9065,Tampa,FL,Roofing,127,4.6,GBP-verified,,,none,,https://rainierroofing.com/
Tampa Roof Repair LLC,+18134135115,(813) 413-5115,Tampa,FL,Roofing,168,4.9,GBP-verified,,Erik Emery,medium,website,http://www.tamparoofrepair.com/
ROOF PANDA LLC,+18132957663,(813) 295-7663,Tampa,FL,Roofing,275,5.0,GBP-verified,,,none,,https://www.theroofpanda.com/
Prime Roof Repair Tampa,+18137235093,(813) 723-5093,Tampa,FL,Roofing,132,4.9,GBP-verified,,John Martinez,medium,website,https://primeroofrepairtampa.com/
"MJ Frick Company, Inc.",+16153330658,(615) 333-0658,Nashville,TN,HVAC,932,4.8,GBP-verified,,,none,,https://www.mjfrickco.com/
Hoffmann Brothers,+16155153031,(615) 515-3031,Nashville,TN,HVAC,2166,4.8,GBP-verified,,Chris Hoffmann,medium,website,https://www.hoffmannbros.com/nashville
"Jewell Mechanical, LLC",+16154695965,(615) 469-5965,Nashville,TN,HVAC,737,4.9,GBP-verified,,,none,,https://www.jewellmechanical.com/
South Nashville Heating & Cooling,+16158341636,(615) 834-1636,Nashville,TN,HVAC,500,4.9,GBP-verified,,Mark Gray,medium,website,http://www.southnashvillehvac.com/
Temp Control Heating & Air Conditioning,+16158275310,(615) 827-5310,Nashville,TN,HVAC,624,4.9,GBP-verified,,,none,,https://tempcontrolac.com/
"Coolray Heating, Cooling, Plumbing & Electrical",+16152371603,(615) 237-1603,Nashville,TN,HVAC,3786,4.8,GBP-verified,,,none,,https://www.coolray.com/tn/nashville
"Pioneer Heating, Cooling, Electrical & Plumbing",+16155538118,(615) 553-8118,Nashville,TN,HVAC,5747,4.9,GBP-corrected,(615) 246-6713,,none,,https://pioneercomfort.com/service-area/nashville/
Premier Heating & Air,+16157268700,(615) 726-8700,Nashville,TN,HVAC,884,4.9,GBP-verified,,,none,,https://www.premierishere.com/nashville
J & J Mechanical Services,+16152562505,(615) 256-2505,Nashville,TN,HVAC,349,5.0,GBP-verified,,,none,,http://www.jandjmechanicalservices.com/
Doctor Drips Plumbing - Nashville,+16159700047,(615) 970-0047,Nashville,TN,Plumbing,458,4.9,GBP-verified,,,none,,https://doctordrips.com/
100 Percent Plumbing,+16154311100,(615) 431-1100,Nashville,TN,Plumbing,242,5.0,GBP-verified,,,none,,https://100percentplumbingtn.com/
615 Plumbing,+16156252386,(615) 625-2386,Nashville,TN,Plumbing,1128,4.6,GBP-verified,,,none,,https://615plumbing.com/
Mr. Rooter Plumbing of South Nashville,+16152391288,(615) 239-1288,Nashville,TN,Plumbing,518,4.9,GBP-verified,,,none,,https://www.mrrooter.com/south-nashville/
Jack Ward & Sons Plumbing Company,+16152050691,(615) 205-0691,Nashville,TN,Plumbing,129,4.4,GBP-verified,,Bartley Burnette,medium,website,https://jackwardandsonsplumbing.com/
Southern Plumbing Works,+16152057656,(615) 205-7656,Nashville,TN,Plumbing,124,5.0,GBP-verified,,,none,,https://southernplumbingworks.com/
"Parthenon Plumbing, Heating, & AC Repair",+16292765129,(629) 276-5129,Nashville,TN,Plumbing,620,4.9,GBP-verified,,,none,,https://parthenonplumbing.com/nashville-plumbing-services/
"All Pipes, LLC",+16152525461,(615) 252-5461,Nashville,TN,Plumbing,181,5.0,GBP-verified,,,none,,https://www.allpipestn.com/
Mr. Roof Nashville,+16152083245,(615) 208-3245,Nashville,TN,Roofing,673,4.7,GBP-verified,,,none,,https://www.mrroof.com/nashville/
Best Choice Roofing,+16154884267,(615) 488-4267,Nashville,TN,Roofing,551,4.8,GBP-corrected,(615) 488-8206,,none,,https://bestchoiceroofing.com/nashville/
Don Kennedy,+16292763360,(629) 276-3360,Nashville,TN,Roofing,783,4.8,GBP-verified,,,none,,https://www.donkennedyroofing.com/
MidSouth Construction,+16157128893,(615) 712-8893,Nashville,TN,Roofing,1025,4.9,GBP-verified,,,none,,https://www.roofingbymidsouth.com/
Southern Roofing Company,+16153201045,(615) 320-1045,Nashville,TN,Roofing,90,4.9,GBP-verified,,,none,,https://srctn.com/
Music City Roofers,+16159004000,(615) 900-4000,Nashville,TN,Roofing,829,4.7,GBP-verified,,,none,,https://www.musiccityroofers.com/
Bill Ragan Roofing Company,+16152420333,(615) 242-0333,Nashville,TN,Roofing,208,4.9,GBP-verified,,,none,,https://www.billraganroofing.com/
Nashville Roofing Company,+16159085314,(615) 908-5314,Nashville,TN,Roofing,80,5.0,GBP-corrected,(615) 800-4355,,none,,https://nashvilleroofingco.com/
Evergreen Home Heating and Energy,+12065651455,(206) 565-1455,Seattle,WA,HVAC,977,4.8,GBP-verified,,,none,,http://www.evergreenhomeheatingandenergy.com/
"Brennan Heating, Air Conditioning, & Electric",+14255532613,(425) 553-2613,Seattle,WA,HVAC,2238,4.6,GBP-verified,,,none,,https://www.brennanheating.com/
Olson Energy Service,+12067825522,(206) 782-5522,Seattle,WA,HVAC,373,4.8,GBP-verified,,,none,,https://www.olsonenergy.com/
Go Green Heating AC & Electric,+12066201600,(206) 620-1600,Seattle,WA,HVAC,214,4.8,GBP-verified,,Mark Strok,medium,website,http://www.go-greenheating.com/
Greenwood Heating and Home Services,+12062074734,(206) 207-4734,Seattle,WA,HVAC,4288,4.9,GBP-verified,,,none,,https://www.greenwoodheating.com/
Glendale Heating & Air Conditioning,+12062437700,(206) 243-7700,Seattle,WA,HVAC,664,4.8,GBP-verified,,,none,,https://glendaleheating.com/
Seattle Heating & Cooling,+12068488080,(206) 848-8080,Seattle,WA,HVAC,80,4.8,GBP-verified,,,none,,https://seattlehvac.com/
"Nortech Heating, Cooling & Refrigeration",+12069609700,(206) 960-9700,Seattle,WA,HVAC,144,4.5,GBP-verified,,,none,,https://nortechservices.com/seattle/
Energy Technologies,+12065801151,(206) 580-1151,Seattle,WA,HVAC,56,4.7,GBP-verified,,,none,,https://www.energytechnologiesllc.com/
Bob Oates Sewer & Rooter,+12067894944,(206) 789-4944,Seattle,WA,Plumbing,730,4.7,GBP-verified,,Raya Oates,medium,website,https://boboates.com/
"2 Sons Plumbing, Sewer, Septic, Electric, Heating & Air",+12063374070,(206) 337-4070,Seattle,WA,Plumbing,3636,4.9,GBP-verified,,,none,,https://www.2sonsplumbing.com/
"Beacon Plumbing, Heating, Electrical & Mechanical Inc - Seattle",+12067202040,(206) 720-2040,Seattle,WA,Plumbing,3086,4.5,GBP-verified,,Bill Cahill,medium,website,https://www.beaconplumbing.net/
Craftsman Plumbing,+12067372266,(206) 737-2266,Seattle,WA,Plumbing,643,4.8,GBP-verified,,Dusty Hoerler,medium,website,https://craftsman-plumbing.com/
Jafco Plumbing and Sewer,+12063169449,(206) 316-9449,Seattle,WA,Plumbing,259,4.8,GBP-verified,,,none,,https://jafcocompany.com/service-areas/seattle-wa/
Gene Johnson Plumbing,+13602187611,(360) 218-7611,Seattle,WA,Plumbing,4152,4.8,GBP-verified,,,none,,https://www.genejohnsonplumbing.com/
Anthony's Plumbing Company,+12069069279,(206) 906-9279,Seattle,WA,Plumbing,255,5.0,GBP-verified,,,none,,http://www.anthonysplumbingcompany.com/
Bee's Plumbing and Heating,+12066298217,(206) 629-8217,Seattle,WA,Plumbing,3370,4.8,GBP-verified,,,none,,http://www.beesplumbingandheating.com/
Efficient Home Solutions of Dallas,+12146127493,(214) 612-7493,Dallas,TX,HVAC,104,4.8,GBP-verified,,,none,,https://ehshvac.com/
Hooper Plumbing & Air Conditioning,+12147616820,(214) 761-6820,Dallas,TX,Plumbing,441,4.8,GBP-verified,,Tracy Rodden,medium,website,https://www.hooperplumbing.com/
T Rock Roofing & Contracting,+19725675766,(972) 567-5766,Dallas,TX,Roofing,656,4.9,GBP-corrected,(469) 931-9867,,none,,https://www.dallasroofer.com/
New View Roofing,+14692327220,(469) 232-7220,Dallas,TX,Roofing,673,4.9,GBP-verified,,,none,,https://newviewroofing.com/
United Roofing & General Contractors,+19725675766,(972) 567-5766,Dallas,TX,Roofing,70,5.0,GBP-corrected,(888) 863-8858,Stan Knappen,medium,website,http://unitedroofers.co/
Low Cost Roofing Dallas,+19729050444,(972) 905-0444,Dallas,TX,Roofing,150,5.0,GBP-verified,,,none,,
Bold Roofing - DFW's Best Roofing Contractor,+19723809300,(972) 380-9300,Dallas,TX,Roofing,606,4.7,GBP-verified,,Robert Bold,medium,website,https://www.boldroofing.com/
Simply Cooling Heating & Plumbing,+17026734899,(702) 673-4899,Las Vegas,NV,HVAC,2116,4.9,GBP-verified,,,none,,https://simplyairconditioningandheating.com/
Air Pro Master Air Conditioning Repair & Installation,+17029351540,(702) 935-1540,Las Vegas,NV,HVAC,2474,4.5,GBP-verified,,,none,,https://airpromaster.com/
Bulldog Air Conditioning & Heating Repair Las Vegas,+17025095005,(702) 509-5005,Las Vegas,NV,HVAC,274,4.8,GBP-verified,,,none,,https://bulldogaclv.com/hvac-las-vegas/
Goettl Air Conditioning and Plumbing - Las Vegas NV,+17252340840,(725) 234-0840,Las Vegas,NV,HVAC,10803,4.7,GBP-verified,,,none,,https://www.goettl.com/location/las-vegas-nevada/
Legacy Air Conditioning and Heating,+17252340911,(725) 234-0911,Las Vegas,NV,HVAC,3125,4.9,GBP-verified,,,none,,https://legacyac.com/service-area/las-vegas-nevada/
Pro Price Heating & Cooling,+17027423310,(702) 742-3310,Las Vegas,NV,HVAC,2245,4.7,GBP-verified,,,none,,https://www.propriceac.com/
Nevada Residential Services Air Conditioning & Heating,+17028993249,(702) 899-3249,Las Vegas,NV,HVAC,640,4.9,GBP-verified,,,none,,https://nrs.vegas/
Bumble Breeze,+17027031346,(702) 703-1346,Las Vegas,NV,HVAC,3924,4.8,GBP-verified,,,none,,https://www.bumblebreeze.com/
Air Supply Heating and Cooling,+17023280888,(702) 328-0888,Las Vegas,NV,HVAC,1384,4.8,GBP-verified,,,none,,https://www.airsupplyinclv.com/
Precision Plumbing,+17022536363,(702) 253-6363,Las Vegas,NV,Plumbing,2161,4.8,GBP-verified,,,none,,http://www.precisionplumbinglv.com/
Focus Plumbing LLC,+17027104420,(702) 710-4420,Las Vegas,NV,Plumbing,1668,4.8,GBP-verified,,,none,,https://www.focusplumbing.com/
Kingdom Plumbing,+17028405037,(702) 840-5037,Las Vegas,NV,Plumbing,458,4.9,GBP-verified,,Daniel Samsel,medium,website,http://kingdomplumbing.com/
DMS Plumbing LLC,+17023537335,(702) 353-7335,Las Vegas,NV,Plumbing,404,4.7,GBP-verified,,,none,,https://dmsplumbinglasvegas.com/
Plumbing Solutions of Nevada,+17028702011,(702) 870-2011,Las Vegas,NV,Plumbing,125,4.6,GBP-corrected,(702) 463-2500,,none,,https://plumbingsolutionsofnevada.com/
Vegas Valley Plumbing,+17027668827,(702) 766-8827,Las Vegas,NV,Plumbing,898,4.9,GBP-verified,,,none,,https://www.vegasvalleyplumbing.com/
"Larkin Plumbing & Heating, Inc",+17029793992,(702) 979-3992,Las Vegas,NV,Plumbing,248,4.4,GBP-verified,,,none,,https://www.larkinplumbingservice.com/
Hips Plumbing,+17026262147,(702) 626-2147,Las Vegas,NV,Plumbing,944,4.9,GBP-verified,,,none,,https://hipsplumbing.com/
Dignity Plumbing,+17028408910,(702) 840-8910,Las Vegas,NV,Plumbing,891,4.9,GBP-verified,,Kenneth Thomason,medium,website,https://www.dignityplumbing.com/
The Roofing Company LLC,+17029034225,(702) 903-4225,Las Vegas,NV,Roofing,147,4.9,GBP-verified,,,none,,https://roofingcompanylv.com/
Disalvo Roofing LLC,+17252053113,(725) 205-3113,Las Vegas,NV,Roofing,85,5.0,GBP-verified,,,none,,https://www.disalvoroofing.com/
Rhino Roofing LLC,+17028058100,(702) 805-8100,Las Vegas,NV,Roofing,110,4.2,GBP-verified,,,none,,https://rhinoroofingllcnv.com/
Fortitude Roofing,+17252330251,(725) 233-0251,Las Vegas,NV,Roofing,110,4.8,GBP-verified,,,none,,https://fortituderoofing.com/
Vegas Born Roofing,+17028762630,(702) 876-2630,Las Vegas,NV,Roofing,68,4.5,GBP-verified,,Jodd Friesz,medium,website,https://vegasbornroofing.com/
Desert Valley Roofing LLC,+17025588775,(702) 558-8775,Las Vegas,NV,Roofing,62,4.8,GBP-verified,,Mark Wolmuth,medium,website,http://www.desertvalleyroofingvegas.com/
"Snyder Air Conditioning, Plumbing & Electric",+19042744454,(904) 274-4454,Jacksonville,FL,HVAC,12942,4.9,GBP-verified,,,none,,https://snyderac.com/north-florida/jacksonville/
"Weather Engineers, Inc.",+19045933721,(904) 593-3721,Jacksonville,FL,HVAC,758,4.9,GBP-verified,,,none,,https://weatherengineers.com/jacksonville-fl-air-conditioning-services/
Florida Home Air Conditioning,+19049908633,(904) 990-8633,Jacksonville,FL,HVAC,3537,4.2,GBP-verified,,,none,,https://floridahomeac.com/service-areas
J&W Heating and Air & Plumbing,+19047640040,(904) 764-0040,Jacksonville,FL,HVAC,5628,4.9,GBP-verified,,Brent Marler,medium,website,https://www.jandwheatingandair.com/
Air McCall,+19046829522,(904) 682-9522,Jacksonville,FL,HVAC,1470,4.9,GBP-verified,,,none,,https://www.fenwickhomeservices.com/
Affordable Mighty Air Inc,+19045496571,(904) 549-6571,Jacksonville,FL,HVAC,742,4.8,GBP-verified,,Tony Alicea,medium,website,https://www.mightyairinc.com/
Bold City Heating & Air,+19044538254,(904) 453-8254,Jacksonville,FL,HVAC,1968,4.9,GBP-verified,,,none,,https://boldcityac.com/
Turner Plumbing Co,+19043967044,(904) 396-7044,Jacksonville,FL,Plumbing,931,4.8,GBP-verified,,Kendal Turner-Rohane,medium,website,http://www.turnerplumbingco.com/
Touchton Plumbing Contractors Inc,+19043899299,(904) 389-9299,Jacksonville,FL,Plumbing,103,4.5,GBP-verified,,,none,,http://www.touchtonplumbing.com/
"Premier Plumbing, LLC",+19047806994,(904) 780-6994,Jacksonville,FL,Plumbing,416,5.0,GBP-verified,,Beau Dempsey,medium,website,https://wearepremierplumbing.com/
Betros Plumbing Contractors,+19046831968,(904) 683-1968,Jacksonville,FL,Plumbing,772,4.9,GBP-verified,,,none,,https://betrosplumbing.com/
Superior Plumbing & Pipe Lining,+19042388001,(904) 238-8001,Jacksonville,FL,Plumbing,448,4.9,GBP-verified,,,none,,http://superiorplumbingjax.com/
"Harry Hayes Plumbing, Water Heater Repair & Drain Cleaning",+19049068486,(904) 906-8486,Jacksonville,FL,Plumbing,717,4.8,GBP-verified,,,none,,https://harryhayesplumbing.com/
Justin The Plumber LLC,+19045248188,(904) 524-8188,Jacksonville,FL,Plumbing,381,5.0,GBP-verified,,Justin Cannady,medium,website,https://www.justintheplumber.com/
American Plumbing Contractors Inc,+19047451693,(904) 745-1693,Jacksonville,FL,Plumbing,83,4.3,GBP-verified,,,none,,http://www.apcjax.com/
David Gray Plumbing,+19043855899,(904) 385-5899,Jacksonville,FL,Plumbing,6360,4.8,GBP-verified,,,none,,https://www.davidgrayonline.com/plumbing/
Triangle Repair Group Heating & Cooling,+19192347721,(919) 234-7721,Raleigh,NC,HVAC,170,4.9,GBP-corrected,(919) 263-0560,,none,,https://www.trianglerepairgroupnc.com/
"All Hours Heating & Air Conditioning, LLC",+19196950333,(919) 695-0333,Raleigh,NC,HVAC,375,4.9,GBP-verified,,,none,,http://www.allhoursheatingair.com/
Yellow Dot Heating & Air Conditioning,+19199254235,(919) 925-4235,Raleigh,NC,HVAC,4111,4.8,GBP-verified,,,none,,https://www.ydhvac.com/
Raleigh Heating and Air,+19192502945,(919) 250-2945,Raleigh,NC,HVAC,636,4.7,GBP-verified,,,none,,https://www.raleighheatingandair.com/
Comfort Monster Heating & Air,+19198236881,(919) 823-6881,Raleigh,NC,HVAC,1046,4.8,GBP-verified,,,none,,https://comfortmonster.com/
"Thermo Direct, Inc.",+19843139090,(984) 313-9090,Raleigh,NC,HVAC,2166,4.8,GBP-verified,,Tonka Lynn,medium,website,http://www.thermodirectinc.com/
SantaAir Heating and Air,+19196355289,(919) 635-5289,Raleigh,NC,HVAC,857,4.9,GBP-verified,,John Tran,medium,website,http://www.santaair.com/
Service Experts Heating & Air Conditioning,+19198236631,(919) 823-6631,Raleigh,NC,HVAC,6097,4.9,GBP-verified,,,none,,https://www.serviceexperts.com/raleigh-nc/
"Midtown Plumbing, LLC",+19193736788,(919) 373-6788,Raleigh,NC,Plumbing,563,4.9,GBP-verified,,"Michael W. Johnson, II",medium,website,https://www.midtownplumbingllc.com/
William Parrish Plumbing,+19193430783,(919) 343-0783,Raleigh,NC,Plumbing,1807,4.9,GBP-verified,,,none,,https://www.williamparrishplumbing.com/
Plumbing Services of Raleigh,+19192308435,(919) 230-8435,Raleigh,NC,Plumbing,119,4.8,GBP-corrected,(919) 689-6609,,none,,
"Raleigh Plumbing & Heating, Inc.",+19195354029,(919) 535-4029,Raleigh,NC,Plumbing,313,4.9,GBP-verified,,Gary Phillips,medium,website,http://raleighplumbingandheatingincnc.hibuwebsites.com/
Matthew's Plumbing Solutions,+19199771896,(919) 977-1896,Raleigh,NC,Plumbing,903,4.9,GBP-verified,,Matthew Walls,medium,website,https://matthewsplumbingsolutions.com/
Out The Door Plumbing,+19196284111,(919) 628-4111,Raleigh,NC,Plumbing,440,4.9,GBP-verified,,Coyt Hutch,medium,website,https://outthedoorplumbing.com/plumber-near-me-in-raleigh-north-carolina/
Modern Plumbing and Backflow,+19193411911,(919) 341-1911,Raleigh,NC,Plumbing,1712,4.6,GBP-verified,,,none,,https://www.modernbackflow.com/
Westover Plumbing LLC,+19195326676,(919) 532-6676,Raleigh,NC,Plumbing,150,4.9,GBP-verified,,Glen Rosciano,medium,website,https://westoverplumbing.com/
"Roofwerks, Inc.",+19198522660,(919) 852-2660,Raleigh,NC,Roofing,574,4.8,GBP-verified,,,none,,http://www.roofwerks.com/
Big Bear Roofing,+19196076898,(919) 607-6898,Raleigh,NC,Roofing,283,4.9,GBP-verified,,,none,,https://www.bigbearrfg.com/roofing-contractor-raleigh-nc/
Camden Roofing & Construction LLC,+19198493818,(919) 849-3818,Raleigh,NC,Roofing,263,4.9,GBP-verified,,,none,,https://camdenroofinggc.com/roofing-contractor-in-raleigh-nc-3/
A&M Premier Roofing & Construction,+19193710391,(919) 371-0391,Raleigh,NC,Roofing,799,5.0,GBP-verified,,,none,,https://amprco.com/service-areas/raleigh/
Roof Stepper,+19842745170,(984) 274-5170,Raleigh,NC,Roofing,100,5.0,GBP-verified,,,none,,https://roofsteppers.com/
Southern Premier Roofing,+19842003308,(984) 200-3308,Raleigh,NC,Roofing,184,4.8,GBP-verified,,,none,,https://southernpremierroofing.com/raleigh/
Modern Roofing,+19843705424,(984) 370-5424,Raleigh,NC,Roofing,113,4.9,GBP-verified,,,none,,http://modernroofingusa.com/locations/roofer-raleigh-nc/
Aceline Roofing - Raleigh Roof Repair & Replacement,+19193899571,(919) 389-9571,Raleigh,NC,Roofing,106,5.0,GBP-verified,,,none,,http://www.acelineroofing.com/
Raleigh Roofers LLC,+19194222442,(919) 422-2442,Raleigh,NC,Roofing,237,4.7,GBP-verified,,,none,,
Masters Heating & Cooling,+13172079983,(317) 207-9983,Indianapolis,IN,HVAC,852,4.9,GBP-corrected,(866) 821-5064,,none,,https://mastersheatcool.com/
"Chapman Heating, Air Conditioning, Plumbing and Electrical",+13173490890,(317) 349-0890,Indianapolis,IN,HVAC,6959,4.9,GBP-verified,,,none,,https://chapmanheating.com/
Broad Ripple Service Experts,+13176498983,(317) 649-8983,Indianapolis,IN,HVAC,2033,4.8,GBP-verified,,,none,,https://www.serviceexperts.com/indianapolis-in
Roy Rogers Heating & Air,+13178095628,(317) 809-5628,Indianapolis,IN,HVAC,586,4.9,GBP-verified,,Roy Rogers Feltner,medium,website,https://www.royrogersheatingandair.com/
"Howald Heating, Air Conditioning & Plumbing",+13172554328,(317) 255-4328,Indianapolis,IN,HVAC,2086,5.0,GBP-verified,,Larry Howald,medium,website,http://www.howaldheatingandair.com/
Bolls Heating & Cooling,+13178303010,(317) 830-3010,Indianapolis,IN,HVAC,561,4.9,GBP-verified,,,none,,https://www.bollscomfort.com/
One Hour Heating & Air Conditioning,+13177950373,(317) 795-0373,Indianapolis,IN,HVAC,7796,4.8,GBP-verified,,,none,,https://www.onehourheatandair.com/indianapolis/
Northern Comfort Systems,+13179532748,(317) 953-2748,Indianapolis,IN,HVAC,505,4.9,GBP-verified,,,none,,https://northerncomfortsystems.com/indianapolis/
LCS Heating and Cooling,+13172076438,(317) 207-6438,Indianapolis,IN,HVAC,1468,4.9,GBP-verified,,Travis Lucas,medium,website,https://lcsheatingandcooling.com/
"Hope Plumbing, Heating & Cooling",+13179120222,(317) 912-0222,Indianapolis,IN,Plumbing,6309,4.8,GBP-verified,,Jack Hope,medium,website,https://www.hopeplumbing.com/
Hamm & Sons Plumbing,+13172029853,(317) 202-9853,Indianapolis,IN,Plumbing,407,4.9,GBP-verified,,Mike Hamm,medium,website,https://www.hammandsons.plumbing/
L. D. Smith Plumbing & Drains,+13179277186,(317) 927-7186,Indianapolis,IN,Plumbing,1019,4.8,GBP-verified,,,none,,http://www.ldsmithplumbing.com/
Pristine Plumbing,+13176807064,(317) 680-7064,Indianapolis,IN,Plumbing,1519,4.8,GBP-verified,,,none,,https://www.callpristine.com/
Benjamin Franklin Plumbing of Indianapolis,+13178860567,(317) 886-0567,Indianapolis,IN,Plumbing,5864,4.8,GBP-verified,,,none,,https://www.benjaminfranklinplumbing.com/indianapolis/
Ciriello Plumbing Co,+13177875391,(317) 787-5391,Indianapolis,IN,Plumbing,623,4.8,GBP-verified,,,none,,https://cirielloplumbing.com/
Carter's My Plumber - Plumbers Indianapolis,+13178932462,(317) 893-2462,Indianapolis,IN,Plumbing,1182,4.9,GBP-verified,,Kelson Carter,medium,website,https://www.cartersmyplumber.com/
HomeSense,+13172038809,(317) 203-8809,Indianapolis,IN,Plumbing,1552,4.9,GBP-corrected,(317) 215-5331,,none,,https://trusthomesense.com/location/indianapolis-in/
Quality Air Heating and Air Conditioning,+16142621818,(614) 262-1818,Columbus,OH,HVAC,127,4.8,GBP-verified,,,none,,http://qualityairandheat.com/
"Logan Services A/C, Heat & Plumbing",+15134713200,(513) 471-3200,Columbus,OH,HVAC,4296,4.8,GBP-corrected,(833) 252-0835,,none,,https://www.logan-inc.com/
Sears Heating and Cooling,+16144751800,(614) 475-1800,Columbus,OH,HVAC,2648,4.9,GBP-verified,,,none,,https://www.searsheatingcooling.com/
Custom Air Conditioning and Heating Co.,+16142459802,(614) 245-9802,Columbus,OH,HVAC,1043,4.9,GBP-verified,,,none,,https://www.customairco.com/
Hetter Heating & Cooling,+16147849200,(614) 784-9200,Columbus,OH,HVAC,1074,4.9,GBP-verified,,John Hetterscheidt,medium,website,http://www.hetterheating.com/
Dor-Mar Columbus Heating And Air,+16142386689,(614) 238-6689,Columbus,OH,HVAC,592,4.8,GBP-verified,,,none,,https://www.dormarhvac.com/locations/franklin-county/columbus/
Columbus Worthington Air,+16149656133,(614) 965-6133,Columbus,OH,HVAC,6587,4.8,GBP-verified,,,none,,https://www.cwaohio.com/contact-us
Fire & Ice Heating and Air Conditioning,+16146422236,(614) 642-2236,Columbus,OH,HVAC,4114,4.9,GBP-verified,,,none,,https://indoortemp.com/
Amanda Plumbing,+17403695161,(740) 369-5161,Columbus,OH,Plumbing,1094,4.8,GBP-verified,,,none,,https://www.amandaplumbing.com/
"The Waterworks Plumbing, Drain, Heating & Cooling",+17402042128,(740) 204-2128,Columbus,OH,Plumbing,2161,4.7,GBP-corrected,(614) 490-2149,,none,,https://thewaterworks.com/
Parson Plumbing and Drains,+16148059466,(614) 805-9466,Columbus,OH,Plumbing,538,5.0,GBP-verified,,Dustin Parson,medium,website,https://www.parson-plumbing.com/
1-Tom-Plumber,+16146349955,(614) 634-9955,Columbus,OH,Plumbing,488,4.9,GBP-verified,,,none,,https://www.1tomplumber.com/columbusoh/
The Local Plumber LLC,+16142306086,(614) 230-6086,Columbus,OH,Plumbing,327,5.0,GBP-verified,,Trevor Randall,medium,website,http://localplumbercolumbus.com/
TRANSIT & FLOW,+16143338092,(614) 333-8092,Columbus,OH,Plumbing,50,4.9,GBP-verified,,,none,,https://www.transitflowplumbing.com/
"Apex Pros Plumbing, Electrical, Heating and Air",+16146540344,(614) 654-0344,Columbus,OH,Plumbing,5982,4.7,GBP-verified,,,none,,https://apexpros.com/
"Eco Plumbers, Electricians, and HVAC Technicians",+16146655197,(614) 665-5197,Columbus,OH,Plumbing,20278,4.9,GBP-verified,,,none,,https://www.geteco.com/
