Rank,Business Name,Phone,City,State,Niche,Reviews,TZ
1,B Cool AC & Heating,+14807021201,Mesa,AZ,HVAC,15,MST
2,Affordable Plumbing,+15204018821,Tucson,AZ,Plumbing,20,MST
3,Dunn Plumbing & Drain Service,+15203100551,Tucson,AZ,Plumbing,25,MST
4,Velocity Mechanical LLC,+14806887078,Mesa,AZ,HVAC,30,MST
5,On The Way Plumbing,+15208299842,Tucson,AZ,Plumbing,35,MST
6,MJ Heating & Air,+17192039222,Colorado Springs,CO,HVAC,35,MST
7,Mason Pro Services,+16026805086,Mesa,AZ,HVAC,40,MST
8,HVAC Solutions,+17195488880,Colorado Springs,CO,HVAC,40,MST
9,Code Blue Plumbing,+15202979949,Tucson,AZ,Plumbing,45,MST
10,Aristotle Air Conditioning & Heating,+16028817976,Mesa,AZ,HVAC,50,MST
11,Family Heating & Cooling,+17195500401,Colorado Springs,CO,HVAC,50,MST
12,Curtis Plumbing,+15203237697,Tucson,AZ,Plumbing,55,MST
13,Burrows Heating & Cooling,+18013923277,Ogden,UT,HVAC,58,MST
14,Larson Air Conditioning,+14804280600,Mesa,AZ,HVAC,60,MST
15,Plumber of Tucson,+15209009010,Tucson,AZ,Plumbing,337,MST
16,ASAP Air Conditioning And Heating,+14806542727,Mesa,AZ,HVAC,388,MST
