Business Name,Phone,City,State,Niche,Rating,Reviews,Website
Cincinnati Heating and Air Conditioning,(513) 578-5718,Cincinnati,OH,HVAC,4.8,238,https://cincinnati-hvac.com/?utm_source=GBP&utm_medium=organic
Jansen Heating & Cooling,(513) 561-4888,Cincinnati,OH,HVAC,4.9,653,https://comfortbyjansen.com/?utm_source=google&utm_medium=organic&utm_campaign=gmb
Air Plus Heating & Cooling,(513) 769-0871,Cincinnati,OH,HVAC,4.9,581,https://cincinnatiheatingandcooling.com/?utm_source=google&utm_medium=organic&utm_campaign=gmb
Arlinghaus Plumbing Heating & Air Conditioning,(513) 756-8883,Cincinnati,OH,HVAC,4.9,1688,https://www.arlinghausair.com/?utm_source=gmb&utm_medium=organic&utm_campaign=smp_gbp_cincinatti
Apollo Home,(513) 223-3957,Cincinnati,OH,HVAC,4.9,15677,https://apollohome.com/service-area/ohio/cincinnati/?utm_source=google&utm_medium=organic&utm_campaign=google_my_business
Air Authority Heating and Cooling,(513) 229-0789,Cincinnati,OH,HVAC,4.9,444,https://myairauthority.com/
"HELP Plumbing, Heating, Cooling and Drains",(513) 973-4124,Cincinnati,OH,HVAC,4.8,8891,https://333help.com/?utm_source=GBP&utm_medium=organic
Mason Heating & Air,(513) 463-8263,Cincinnati,OH,HVAC,4.9,158,https://www.masonheatingair.com/
Extreme Heating & Air Conditioning,(513) 640-7399,Cincinnati,OH,HVAC,4.9,585,https://www.extremeheating.com/
One Hour Heating & Air Conditioning,(513) 815-3460,Cincinnati,OH,HVAC,4.9,6002,https://www.onehourheatandair.com/cincinnati/
Knochelmann Service Experts,(859) 927-3814,Cincinnati,OH,HVAC,4.9,3628,https://www.serviceexperts.com/cincinnati-oh?&utm_campaign=listing&utm_medium=organic_search&utm_source=gmb&utm_content=brand
JM Mechanical Heating & Cooling,(513) 775-3058,Cincinnati,OH,HVAC,4.9,517,https://www.jmmechanical.com/?utm_source=gbp&utm_medium=organic
"Knock Knock HVAC, AC Repair & Furnace Repair",(513) 875-7653,Cincinnati,OH,HVAC,5,108,https://knockknockair.com/furnace-repair-west-chester-oh/?utm_campaign=gmb
"Quality Comfort Home Services HVAC, Plumbing, Duct Cleaning",(513) 620-4822,Cincinnati,OH,HVAC,4.9,1658,http://www.myqualitycomfort.com/
Hauser Heating & Air,(513) 547-5727,Cincinnati,OH,HVAC,4.7,2062,https://www.hauserair.com/contact-us?utm_source=google&utm_medium=gbp&utm_campaign=local_seo&utm_content=gbp_website_click
Fast Response Heating & Cooling,(513) 513-4066,Cincinnati,OH,HVAC,4.4,1103,https://fastresponseservice.com/cincinnati/?utm_source=google&utm_medium=business_profile&utm_campaign=sharonville
"Logan Services A/C, Heat & Plumbing",(513) 471-3200,Cincinnati,OH,HVAC,4.8,2826,https://www.logan-inc.com/?utm_source=google-my-business&utm_medium=organic&utm_campaign=cincinnati
"Thomas & Galbraith Heating, Cooling, Plumbing & Electrical",(513) 268-5913,Cincinnati,OH,HVAC,4.8,1137,https://thomasgalbraith.com/location/mason-ohio/?utm_campaign=gmb_msg-cin_home_everyone_mason&utm_medium=gmb&utm_source=google
Five Star Home Services Cincinnati,(513) 443-1306,Cincinnati,OH,HVAC,4.8,543,https://www.myfivestarhomeservices.com/cincinnati/
National Heating and Air Conditioning,(877) 278-6462,Cincinnati,OH,HVAC,4.7,348,https://www.nationalheatingandac.com/
1-Tom-Plumber,(513) 286-2060,Cincinnati,OH,Plumbing,5,6487,https://www.1tomplumber.com/greatercincinnati/
"Eco Plumbers, Electricians, and HVAC Technicians",(513) 342-8502,Cincinnati,OH,Plumbing,4.9,3404,https://geteco.com/cincinnati-oh/?utm_source=GMB&utm_medium=organic&utm_campaign=cincinnati
Plumb Tite Plumbing & Drains,(513) 338-8483,Cincinnati,OH,Plumbing,4.8,865,https://plumbtite.com/?utm_source=google&utm_medium=organic&utm_campaign=gmb-profile-cincinnati
Halpin Plumbing Inc,(513) 790-6985,Cincinnati,OH,Plumbing,4.9,1140,https://www.halpinplumbing.com/?utm_source=GMBlisting&utm_medium=organic
Benjamin Franklin Plumbing of Cincinnati,(513) 294-6960,Cincinnati,OH,Plumbing,4.8,1996,https://www.benjaminfranklinplumbing.com/cincinnati/?utm_source=GMB&utm_medium=organic&utm_campaign=bf_cincy_gmb_profile
Schlueter Plumbing - The No Nonsense Plumber,(513) 970-6874,Cincinnati,OH,Plumbing,4.8,651,https://schlueterplumbing.com/?utm_campaign=gmb
Roto-Rooter Plumbing & Water Cleanup,(513) 631-0595,Cincinnati,OH,Plumbing,4.8,5142,https://www.rotorooter.com/cincinnati/?utm_source=Google&utm_medium=organic&utm_campaign=gmb&utm_content=website
Mr. Rooter Plumbing of Greater Cincinnati,(513) 399-5203,Cincinnati,OH,Plumbing,4.7,857,https://www.mrrooter.com/greater-cincinnati/?cid=LSTL_MRR000199&utm_source=gmb&utm_campaign=local&utm_medium=organic
Just Water Heaters,(513) 377-1004,Cincinnati,OH,Plumbing,5,83,https://justwaterheater.com/
Nieman Plumbing,(513) 851-5588,Cincinnati,OH,Plumbing,4.8,499,http://www.niemanplumbing.com/
24/7 Emergency Plumber Cincinnati,(513) 960-4385,Cincinnati,OH,Plumbing,4.8,22,
"Dupps Plumbing, Inc.",(513) 299-2104,Cincinnati,OH,Plumbing,4.8,306,https://www.duppsplumbing.com/
Preston & Sons Plumbers,(513) 540-2243,Cincinnati,OH,Plumbing,4.9,141,
"Schneller Knochelmann Plumbing, Heating & Air Conditioning",(513) 457-1737,Cincinnati,OH,HVAC,4.9,4955,https://www.schnellerair.com/?utm_source=google&utm_medium=organic&utm_campaign=GMBListing-cincinnati-oh
Calla Plumbing,(513) 451-9361,Cincinnati,OH,Plumbing,4.8,131,
"Craftsman Electric, Inc",(513) 891-4426,Cincinnati,OH,Electrical,4.9,778,https://www.craftsmanelectric.com/
Lipps Electric Services,(513) 216-4206,Cincinnati,OH,Electrical,4.9,880,https://ronlippselectric.com/?utm_source=google&utm_medium=organic&utm_campaign=gbp
Mister Sparky of Cincinnati,(513) 294-6961,Cincinnati,OH,Electrical,4.8,2140,https://www.mistersparky.com/cincinnati/?utm_source=GMB&utm_medium=organic&utm_campaign=ms_cincy_gmb_profile
Bautista Brothers Electricians,(513) 540-1897,Cincinnati,OH,Electrical,4.8,112,
Riverside Electric Inc,(513) 936-0100,Cincinnati,OH,Electrical,4.8,112,https://riverside-elec.com/
Mr. Electric of Cincinnati Central,(513) 278-3397,Cincinnati,OH,Electrical,5,25,https://mrelectric.com/cincinnati-central?cid=LSTL_MRE000196&utm_source=gmb&utm_campaign=local&utm_medium=organic
NEFCO Electric,(859) 212-3256,Cincinnati,OH,Electrical,5,193,https://nefcoelectric.com/
Cincinnati Best Electricians,(513) 540-2288,Cincinnati,OH,Electrical,4.8,99,
Leitner Electric Co,(513) 643-2113,Cincinnati,OH,Electrical,4.9,112,https://www.leitnerelectric.com/
Mr. Electric of Cincinnati East,(513) 202-4625,Cincinnati,OH,Electrical,5,170,https://mrelectric.com/cincinnati-east?cid=LSTL_MRE000196&utm_source=gmb&utm_campaign=local&utm_medium=organic
"ALL-TEST & Electric Switchgear, LLC",(513) 604-8450,Cincinnati,OH,Electrical,5,17,http://www.all-test.com/
Cooper Electric,(513) 271-5000,Cincinnati,OH,Electrical,4.7,309,http://cooper-electric.net/
Paff Electric & Solar,(513) 273-7343,Cincinnati,OH,Electrical,4.9,254,https://www.paffelectricandsolar.com/?utm_source=gmb&utm_medium=organic
Handyman - Electrician - Plumber - Painting - Drywall - Concrete - Tile,(859) 878-0554,Cincinnati,OH,Plumbing,4.9,75,http://www.yourjobdonenow.com/
Volpenhein Brothers Electric,(513) 385-9355,Cincinnati,OH,Electrical,4.7,12,http://www.vbe.cc/
Apex Electrical Service LLC.,(513) 474-2739,Cincinnati,OH,Electrical,4.9,323,http://apexelectricalservice.com/
Raiden Electric,(513) 443-6643,Cincinnati,OH,Electrical,5,59,http://www.raidenelectric.com/
Mr. Electric of Warren County,(513) 934-7890,Cincinnati,OH,Electrical,4.9,300,https://mrelectric.com/warren-county?utm_source=gmb&utm_campaign=local&utm_medium=organic
Watkins Heating & Cooling,(513) 456-7705,Mason,OH,HVAC,4.9,999,https://www.watkinsheating.com/reviews/mason-oh/?utm_campaign=gmb
AL's Comfort Technologies,(513) 398-4328,Mason,OH,HVAC,4.6,109,http://alshvac.com/
Kings Heating and Air LLC.,(513) 349-7181,Mason,OH,HVAC,5,39,http://www.kingsheatingandairllc.com/
American Integrity,(513) 382-8214,Mason,OH,HVAC,5,28,http://ai-hvac.com/
Gallagher Heating & Cooling,(513) 489-4822,Mason,OH,HVAC,4.9,15,https://gogrexpress.com/
Time Savers Heating & Cooling LLC,(513) 909-7283,Mason,OH,HVAC,5,308,https://www.timesavershvac.com/?utm_source=google+business+listing&utm_medium=organic&utm_campaign=website+button
Wingate,(513) 342-0059,Mason,OH,HVAC,4.5,8,https://callwingate.com/furnace-company-mason-oh/
Loveland Heating & Air,(513) 644-5337,Mason,OH,HVAC,4.9,46,https://www.lovelandair.com/
Comfort Solutions Heating & Cooling,(513) 932-7200,Mason,OH,HVAC,4.7,206,https://www.comfort-solutions.net/?utm_source=google&utm_medium=organic&utm_campaign=gbp-profile
"Gruter Heating & Air Conditioning Co., Inc.",(513) 677-3555,Mason,OH,HVAC,4.9,76,https://gruter-hvac.com/?utm_source=google&utm_medium=organic&utm_campaign=gbp
Future Inc,(513) 683-3818,Mason,OH,HVAC,4.5,68,https://futureairinc.com/
Sycamore,(513) 260-4026,Mason,OH,HVAC,4.9,49,http://sycamoreheat.com/
"McAfee Heating, Air Conditioning, and Plumbing",(937) 438-1976,Dayton,OH,HVAC,4.9,3742,https://www.mcair.com/?utm_source=Google&utm_medium=Organic&utm_campaign=gbp
Butler Heating & Air Conditioning Repair,(937) 660-8686,Dayton,OH,HVAC,4.6,669,https://butlerheating.com/heating-repair/?utm_source=google&utm_medium=organic&utm_campaign=gbp_dayton
Baker Heating & Cooling,(937) 274-9966,Dayton,OH,HVAC,4.8,273,http://www.bakerhvacdayton.com/
"Apex Pros Plumbing, Electrical, Heating and Air",(937) 576-8862,Dayton,OH,HVAC,4.9,2057,https://apexpros.com/dayton/?utm_source=organic&utm_medium=gbp&utm_campaign=dayton&utm_id=dayton
CJS Heating and Air,(937) 488-4758,Dayton,OH,HVAC,4.7,2170,https://cjsheatingandair.com/?utm_source=google-gbp&utm_medium=organic&utm_campaign=*494*cjs-dayton
One Hour Heating & Air Conditioning® of Dayton,(937) 705-5165,Dayton,OH,HVAC,4.9,296,https://www.onehourheatandair.com/dayton/areas-we-service/?utm_source=localfx&utm_medium=organic&utm_campaign=localfx
Stevenson Service Experts,(937) 862-0699,Dayton,OH,HVAC,4.8,6131,https://www.serviceexperts.com/beavercreek-oh/?&utm_campaign=listing&utm_medium=organic_search&utm_source=gmb&utm_content=brand
Choice Comfort Services,(937) 898-5252,Dayton,OH,HVAC,4.9,1033,https://www.choicecomfort.com/
Five Star Home Services Dayton,(937) 705-5530,Dayton,OH,HVAC,4.8,1407,https://www.myfivestarhomeservices.com/dayton
Stanley Heating Cooling and Plumbing,(937) 902-1874,Dayton,OH,HVAC,5,848,https://stanleyheatingcooling.com/
"Korrect Plumbing, Heating & Air Conditioning, Inc.",(937) 837-2333,Dayton,OH,HVAC,4.9,2667,https://www.korrectplumbing.com/
Barker Heating and Air Conditioning,(937) 222-2275,Dayton,OH,HVAC,4.9,380,http://www.barkerhvac.com/
Kettering-Oakwood Heating & Air,(937) 956-0506,Dayton,OH,HVAC,4.9,208,https://ketteringoakwoodheatingandair.com/
"SouthTowne Plumbing, Heating & Cooling",(937) 350-7236,Dayton,OH,HVAC,5,419,http://www.callsouthtowne.com/
RR Heating Solutions,(937) 230-8444,Dayton,OH,HVAC,4.8,71,
Atherton Plumbing - Dayton Drain Cleaning,(937) 709-3605,Dayton,OH,Plumbing,4.8,1133,https://athertonplumbing.com/
Spartan Plumbing and Drains,(937) 907-6359,Dayton,OH,Plumbing,4.8,1447,https://spartan-plumbing.com/?utm_source=gbp
"Benjamin Franklin Plumbing & Drains - Dayton, OH",(937) 722-9989,Dayton,OH,Plumbing,4.9,1306,https://www.benjaminfranklinplumbing.com/dayton/areas-we-service/?utm_source=localfx&utm_medium=organic&utm_campaign=localfx
Mammoth Plumbing,(937) 815-2006,Dayton,OH,Plumbing,4.9,148,https://www.mammothplumber.com/
Summers Plumbing Heating & Cooling,(937) 518-1505,Dayton,OH,HVAC,4.8,1720,https://summersphc.com/dayton/?utm_source=GMB&utm_medium=organic&utm_campaign=dayton
The Right Brothers Plumbing & Drains,(937) 872-3648,Dayton,OH,Plumbing,4.8,1401,http://therightbrothers.com/
Mr. Rooter Plumbing of Dayton,(937) 306-7542,Dayton,OH,Plumbing,4.5,723,https://www.mrrooter.com/dayton/?cid=LSTL_MRR000199&utm_source=gmb&utm_campaign=local&utm_medium=organic
Ed Rike Plumbing Heating & Air,(937) 962-2939,Dayton,OH,HVAC,4.8,164,https://edrikeplumbing.com/
Five Star Plumbing LLC,(937) 902-6195,Dayton,OH,Plumbing,4.9,1498,https://www.fivestarplumbingservices.com/?utm_source=google&utm_medium=organic&utm_campaign=google_business_profile
Massie Creek Plumbing and Pump Service Dayton,(937) 469-2032,Dayton,OH,Plumbing,4.9,94,https://www.massiecreekplumbing.com/
"Oakwood Plumbing Company, Llc",(937) 985-4077,Dayton,OH,Plumbing,5,453,http://www.oakwoodplumbingcompany.com/
"Advantage Plumbing, Heating & Air",(937) 519-1430,Dayton,OH,HVAC,4.8,920,https://www.calladvantageoh-io.com/
Kettering Plumbing & Drain,(937) 956-0504,Dayton,OH,Plumbing,4.7,97,https://www.ketteringplumbingdrain.com/
Premier Plumbing Services LLC,(937) 524-6955,Dayton,OH,Plumbing,4.9,117,https://www.premierplumbingservicesohio.com/
JK Roofing and Construction LLC,(513) 378-5700,Cincinnati,OH,Roofing,4.9,623,https://jkroofingnconstruction.com/?utm_source=gmb&utm_medium=organic&utm_campaign=profile
Cincy Roofing Services,(513) 454-4639,Cincinnati,OH,Roofing,5,26,https://cincinnatiohroofing.com/
Half Price Roof,(844) 945-7663,Cincinnati,OH,Roofing,4.6,95,https://www.halfpriceroof.net/?utm_source=google&utm_medium=gmb&utm_campaign=seo
"Deer Park Roofing, LLC",(513) 224-5479,Cincinnati,OH,Roofing,4.8,689,https://www.deerparkroofing.com/?utm_campaign=gmb
Advantage Roofing,(513) 467-6631,Cincinnati,OH,Roofing,5,295,https://goroof1.com/?utm_source=Google+Busuiness+Account&utm_medium=Website+Button&utm_campaign=Google+Business+Profile
Bone Dry Roofing,(513) 848-4095,Cincinnati,OH,Roofing,4.8,909,https://www.bonedry.com/cincinnati
Molloy Roofing Company,(513) 791-7400,Cincinnati,OH,Roofing,4.8,276,https://www.molloyroofing.com/
Division 1 Roofing & Exteriors,(513) 628-3563,Cincinnati,OH,Roofing,5,220,https://d1roofing.simplybook.me/
Cincinnati Roofing,(513) 484-5363,Cincinnati,OH,Roofing,4.4,27,https://www.cincinnatiroofing.org/
Solution Roofing,(513) 935-1974,Cincinnati,OH,Roofing,5,109,https://solutionroof.com/?utm_source=GoogleBusinessProfile&utm_medium=organic
SWORD Roofing - Cincinnati Roofing & Siding Company,(513) 342-8584,Cincinnati,OH,Roofing,4.9,353,https://swordroof.com/?utm_campaign=gmb
Feazel Roofing,(513) 433-2935,Cincinnati,OH,Roofing,4.5,301,https://www.feazelinc.com/cincinnati-oh/
MannCo Exteriors,(937) 397-9681,Cincinnati,OH,Roofing,5,61,http://trcmidwest.com/
Roof Dudes Midwest,(833) 416-3660,Cincinnati,OH,Roofing,5,148,https://roof-dudes.com/
Riley Roof and Exteriors,(513) 635-4918,Cincinnati,OH,Roofing,5,104,http://www.rileyroof.com/
American Premier Roofing,(513) 646-9182,Cincinnati,OH,Roofing,5,113,https://roofamericanpremier.com/
Apply Rite Roofing,(513) 241-7483,Cincinnati,OH,Roofing,4.9,179,https://www.applyrite.com/
Klaus Roofing Systems of Cincinnati,(513) 613-4445,Cincinnati,OH,Roofing,4.9,237,https://www.krscincy.com/?utm_source=google&utm_medium=organic&utm_campaign=gmb-website&y_source=1_MTYxOTQwOTQtNzE1LWxvY2F0aW9uLndlYnNpdGU%3D
Roofing and Gutters Viktor Posnov,(513) 304-9453,Cincinnati,OH,Roofing,5,125,https://cincyroofing.us/
Columbus Worthington Air,(614) 965-6133,Columbus,OH,HVAC,4.8,6597,https://www.cwaohio.com/contact-us?utm_source=google&utm_medium=gbp&utm_campaign=local_seo&utm_content=gbp_website_click
Fire & Ice Heating and Air Conditioning,(614) 642-2236,Columbus,OH,HVAC,4.9,4117,https://indoortemp.com/?utm_source=google-gbp&utm_medium=organic&utm_campaign=*431*fire-ice-columbus
"CARE Heating and Cooling, Inc.",(614) 470-2973,Columbus,OH,HVAC,4.9,4005,https://www.careheatingcooling.com/?utm_source=google&utm_medium=organic&utm_campaign=gbp
"Atlas Butler Heating, Cooling & Plumbing",(614) 681-2167,Columbus,OH,HVAC,4.7,7852,https://atlasbutler.com/?utm_source=google&utm_medium=organic&utm_campaign=local-listings&utm_content=HVAC
Hetter Heating & Cooling,(614) 784-9200,Columbus,OH,HVAC,4.9,1080,http://www.hetterheating.com/
Dor-Mar Columbus Heating And Air,(614) 238-6689,Columbus,OH,HVAC,4.8,592,https://www.dormarhvac.com/locations/franklin-county/columbus/
Custom Air Conditioning and Heating Co.,(614) 245-9802,Columbus,OH,HVAC,4.9,1045,https://www.customairco.com/
Classic Air,(614) 476-1732,Columbus,OH,HVAC,4.9,594,https://www.classicairinc.com/?utm_source=google&utm_medium=organic&utm_campaign=gbp-profile
Sears Heating and Cooling,(614) 475-1800,Columbus,OH,HVAC,4.9,2648,https://www.searsheatingcooling.com/
Thermo Pros,(614) 581-5743,Columbus,OH,HVAC,5,300,http://thermoprocomfort.com/
Northland Heating & Air Conditioning,(614) 268-3933,Columbus,OH,HVAC,4.9,270,https://hvacnorthland.com/
Airtron Heating & Air Conditioning,(614) 636-4100,Columbus,OH,HVAC,4.9,1441,https://airtron.com/columbus/?utm_source=gmb&utm_medium=gmb-organic&utm_campaign=gmb-columbus
"Aire-Flo Heating, Cooling & Generators",(614) 585-8944,Columbus,OH,HVAC,4.8,401,https://www.aire-flo.com/?utm_source=GBP&utm_medium=GBP&utm_campaign=GBP
Peterman Brothers,(740) 325-3597,Columbus,OH,HVAC,4.8,449,https://petermanhvac.com/columbus-ohio/?utm_source=gmb-greenwood&utm_medium=organic
Five Star Home Services Columbus,(614) 321-1972,Columbus,OH,HVAC,4.8,2356,https://www.myfivestarhomeservices.com/columbus/
The Heating and Cooling Pro,(614) 886-4024,Columbus,OH,HVAC,5,171,https://theheatingandcoolingpro.com/
Right Way Heating and Cooling,(614) 751-0193,Columbus,OH,HVAC,5,415,http://www.rightwayhvac.com/
"The Waterworks Plumbing, Drain, Heating & Cooling",(614) 490-2149,Columbus,OH,HVAC,4.7,2162,https://thewaterworks.com/
DrainMaster Drain Cleaning & Sewer Line Repair,(614) 739-8464,Columbus,OH,HVAC,4.9,757,https://www.drainmasterohio.com/?utm_source=google&utm_medium=organic&utm_campaign=gbp_columbus
Plumbing & Drain Professionals,(614) 776-0998,Columbus,OH,Plumbing,4.9,528,https://www.plumbinganddrainpro.com/
Mr. Rooter Plumbing of Columbus,(614) 254-5463,Columbus,OH,Plumbing,4.7,3853,https://www.mrrooter.com/columbus/?cid=LSTL_MRR000199&utm_source=gmb&utm_campaign=local&utm_medium=organic
Parson Plumbing and Drains,(614) 805-9466,Columbus,OH,Plumbing,5,542,https://www.parson-plumbing.com/?utm_source=google&utm_medium=organic&utm_campaign=gmb
The Local Plumber LLC,(614) 230-6086,Columbus,OH,Plumbing,5,329,http://localplumbercolumbus.com/
TRANSIT & FLOW,(614) 333-8092,Columbus,OH,Plumbing,4.9,50,https://www.transitflowplumbing.com/
Emergency Plumbing Heating & Air,(740) 520-0599,Columbus,OH,HVAC,4.8,1115,https://www.emergencyplumbingservice.com/
Doc Thompson Plumbing,(614) 502-6563,Columbus,OH,Plumbing,4.6,145,https://docthompsonplumbingllc.com/?utm_source=google&utm_medium=organic&utm_campaign=gmb-profile-columbus
Affordable Professional Plumbing,(614) 802-9000,Columbus,OH,Plumbing,5,530,https://www.affordableprofessionalplumbing.com/
Benjamin Franklin Plumbing of Columbus,(614) 392-8795,Columbus,OH,Plumbing,4.5,332,https://www.benjaminfranklinplumbing.com/columbus/?utm_source=localfx&utm_medium=organic&utm_campaign=localfx
Hesson Plumbing and Drains LLC,(740) 304-4195,Columbus,OH,Plumbing,4.9,824,https://www.hessonplumbing.com/
Gunther Plumbing,(614) 580-9406,Columbus,OH,Plumbing,4.9,796,http://www.guntherplumbing.com/
"Fritz Baumann & Sons, Inc.",(614) 444-5522,Columbus,OH,Plumbing,4.8,264,http://fritzbaumannplumbinginc.com/
