Rank,Business Name,Phone,City,State,Niche,Reviews,Years,TZ,Type,Verified
1,Onyx Heating and Air,+19049164225,Middleburg,FL,HVAC,46,,ET,fresh,GBP
2,Air Creations Heating & Cooling,+19046261205,Middleburg,FL,HVAC,17,15+,ET,fresh,GBP
3,ChillAir of North Florida HVAC,+19048173046,Middleburg,FL,HVAC,10,15+,ET,fresh,GBP
4,68 Degree Cooling & Heating,+19048037103,Middleburg,FL,HVAC,40,,ET,fresh,GBP
5,Zephyr Heating & Cooling,+19044206525,Middleburg,FL,HVAC,123,5+,ET,fresh,GBP
6,CrossWinds Heating & Air LLC,+19048722070,Middleburg,FL,HVAC,119,,ET,fresh,GBP
7,Chilltech,+19044062607,Middleburg,FL,HVAC,98,10+,ET,fresh,GBP
8,Keystone HVAC Services LLC,+19048157930,Keystone Heights,FL,HVAC,107,,ET,fresh,GBP
9,North Carolina Heating & Cooling,+19192676508,Apex,NC,HVAC,78,20+,ET,fresh,GBP
10,Blue Hat Mechanical,+19197739223,Apex,NC,HVAC,170,10+,ET,fresh,GBP
11,Air Shield Heating & Cooling,+19192956586,Holly Springs,NC,HVAC,85,,ET,fresh,GBP
12,Peak City Heating & Air,+19193620020,Apex,NC,HVAC,25,7+,ET,fresh,GBP
13,Central Heating and Cooling Repair Apex,+19193357631,Apex,NC,HVAC,1,7+,ET,fresh,GBP
14,Fogg HVAC Inc,+19195670653,Apex,NC,HVAC,96,25+,ET,fresh,GBP
15,Greenergy HVAC Fireplace & Appliance,+19197626267,Cary,NC,HVAC,224,3+,ET,fresh,GBP
16,Universal HVAC Contractors Richmond,+18043522716,Richmond,VA,HVAC,3,,ET,fresh,GBP
17,Patriot Heating and Cooling,+16153599449,Lebanon,TN,HVAC,26,,CT,fresh,GBP
18,Hometown Comfort Heating & A/C,+16154431122,Lebanon,TN,HVAC,24,20+,CT,fresh,GBP
19,Southern Seasons Heating and Cooling,+16292561858,Lebanon,TN,HVAC,11,,CT,fresh,GBP
20,Advanced Comfort Solutions LLC,+16155490201,Lebanon,TN,HVAC,62,,CT,fresh,GBP
21,Bradley Heating and Air LLC,+16154447383,Lebanon,TN,HVAC,61,10+,CT,fresh,GBP
22,Pfaff Air LLC,+16159690851,Lebanon,TN,HVAC,66,10+,CT,fresh,GBP
23,Four Leaf Heating & Cooling,+16153724719,Lebanon,TN,HVAC,115,7+,CT,fresh,GBP
24,Wilco Comfort LLC,+16153597127,Lebanon,TN,HVAC,90,,CT,fresh,GBP
25,Mayhem Mechanical LLC,+16157844176,Lebanon,TN,HVAC,178,5+,CT,fresh,GBP
26,Bachman's HVAC Solutions,+15139435300,Batavia,OH,HVAC,23,70+,ET,fresh,GBP
27,United Mechanical LLC,+15138287848,Batavia,OH,HVAC,52,3+,ET,fresh,GBP
28,RJC HVAC,+15134798687,Batavia,OH,HVAC,4,,ET,fresh,GBP
29,Milford Heating & Cooling,+15136760116,Milford,OH,HVAC,19,3+,ET,fresh,GBP
30,Mercer HVAC Services,+15135827505,Williamsburg,OH,HVAC,18,10+,ET,fresh,GBP
31,Wingate Heating Cooling & Plumbing,+15138224387,Milford,OH,HVAC,12,55+,ET,fresh,GBP
32,TAP Heating and Cooling,+15136737966,Batavia,OH,HVAC,22,,ET,fresh,GBP
33,Kens Heating And Air Conditioning,+15132523275,Bethel,OH,HVAC,62,35+,ET,fresh,GBP
34,Ashcraft Air,+15139650023,Goshen,OH,HVAC,252,3+,ET,fresh,GBP
35,Knock Knock HVAC,+15138757653,Cincinnati,OH,HVAC,108,,ET,fresh,GBP
36,Always,+15138434001,Cincinnati,OH,HVAC,35,3+,ET,fresh,GBP
37,Chapman Heating & Cooling LLC,+15132310085,Cincinnati,OH,HVAC,122,25+,ET,fresh,GBP
38,KandS HVAC,+16155099865,Lebanon,TN,HVAC,427,5+,CT,fresh,GBP
39,Integrity Cooling and Heating,+16157724119,Lebanon,TN,HVAC,280,3+,CT,fresh,GBP
40,Affordable Heating & Cooling,+16155474209,Mt. Juliet,TN,HVAC,580,5+,CT,fresh,GBP
41,Childs Heating & Air,+16155198545,Mt. Juliet,TN,HVAC,239,15+,CT,fresh,GBP
42,L&B Plumbing and HVAC,+16154003953,Lebanon,TN,HVAC,298,7+,CT,fresh,GBP
43,Island Breeze Heating and Air,+19043496087,Middleburg,FL,HVAC,256,7+,ET,fresh,GBP
44,Farmer's Heating and Cooling Solutions LLC,+19043050646,Middleburg,FL,HVAC,543,3+,ET,fresh,GBP
45,Hickman's Heating and AC Repair,+19042899994,Middleburg,FL,HVAC,397,15+,ET,fresh,GBP
46,Florida Air Flow Heating & Air,+19049827731,Jacksonville,FL,HVAC,279,,ET,fresh,GBP
47,Guardian HVAC LLC,+19047764225,Jacksonville,FL,HVAC,381,3+,ET,fresh,GBP
48,Comfort Hounds Heating & Cooling,+19195787798,Raleigh,NC,HVAC,228,7+,ET,fresh,GBP
49,Boer Brothers Heating & Cooling,+19192304096,Cary,NC,HVAC,279,,ET,fresh,GBP
50,A-OK HVAC Newnan,+17707663981,Newnan,GA,HVAC,31,7+,ET,fresh,GBP
51,Infinite Heating & Cooling LLC,+16786734845,Newnan,GA,HVAC,42,15+,ET,fresh,GBP
52,Johnson Air Services,+17707557979,Newnan,GA,HVAC,36,3+,ET,fresh,GBP
53,A Degree Above Cooling and Heating,+16784166876,Newnan,GA,HVAC,191,7+,ET,fresh,GBP
54,Superior Service Heating And Cooling LLC,+16786759330,Senoia,GA,HVAC,64,10+,ET,fresh,GBP
55,Reynaud HVAC Contractors,+17703894996,Stockbridge,GA,HVAC,187,30+,ET,fresh,GBP
56,Air Meister Heating & Cooling,+14048017316,Newnan,GA,HVAC,105,,ET,fresh,GBP
57,Covington HVAC & AIR Conditioning,+16786582093,Covington,GA,HVAC,4,,ET,fresh,GBP
58,TempGlide Solutions HVAC,+14047363102,Covington,GA,HVAC,35,10+,ET,fresh,GBP
59,All Air,+17707619914,Covington,GA,HVAC,54,25+,ET,fresh,GBP
60,Young's Mechanical Heating and Cooling,+16788827374,Covington,GA,HVAC,49,3+,ET,fresh,GBP
61,Southern Comfort Air Services,+17702653247,Covington,GA,HVAC,66,5+,ET,fresh,GBP
62,Extreme Comfort Heating & Air,+17702958148,Mansfield,GA,HVAC,46,7+,ET,fresh,GBP
63,Evan's Best Cooling Professionals,+17704076679,Covington,GA,HVAC,68,5+,ET,fresh,GBP
64,Redwood Heating and Air LLC,+14046648814,Covington,GA,HVAC,60,15+,ET,fresh,GBP
65,Premier Heating & Air,+16788963430,Covington,GA,HVAC,69,20+,ET,fresh,GBP
66,Gregg Cowan Heating & Air Inc,+17708726089,Covington,GA,HVAC,102,10+,ET,fresh,GBP
67,Oak Hill Heating & Air Conditioning,+17703166479,Covington,GA,HVAC,105,10+,ET,fresh,GBP
68,Covington Air Systems Inc,+17703850068,Oxford,GA,HVAC,86,45+,ET,fresh,GBP
69,Tennessee Valley Air,+16156896227,Spring Hill,TN,HVAC,1,10+,CT,fresh,GBP
70,Eskimo Brothers Air Conditioning,+19316826969,Spring Hill,TN,HVAC,7,,CT,fresh,GBP
71,Tansil Heating and Cooling,+16158596550,Spring Hill,TN,HVAC,15,5+,CT,fresh,GBP
72,Tim's Heating and Cooling,+19312539280,Spring Hill,TN,HVAC,16,50+,CT,fresh,GBP
73,Smith Air Heating & Cooling HVAC,+19316234059,Spring Hill,TN,HVAC,16,10+,CT,fresh,GBP
74,Tennessee Home Solutions LLC,+19316742124,Spring Hill,TN,HVAC,22,5+,CT,fresh,GBP
75,Glenn's Heating & Cooling,+16154313772,Spring Hill,TN,HVAC,24,7+,CT,fresh,GBP
76,Old Glory Mechanical Inc,+19312811211,Spring Hill,TN,HVAC,33,3+,CT,fresh,GBP
77,First Class Heating & Air Conditioning,+16155048313,Thompson's Station,TN,HVAC,35,10+,CT,fresh,GBP
78,Merit Heating & Cooling,+16156452403,Thompson's Station,TN,HVAC,52,10+,CT,fresh,GBP
79,All Seasons Comfort LLC,+16158124030,Thompson's Station,TN,HVAC,78,15+,CT,fresh,GBP
80,GBT Heating & Cooling Inc,+16155915556,Spring Hill,TN,HVAC,93,15+,CT,fresh,GBP
81,Nippys Heating & Cooling LLC,+16155695987,Spring Hill,TN,HVAC,127,3+,CT,fresh,GBP
82,Lawrenceburg Heating and Cooling,+19312539780,Lawrenceburg,TN,HVAC,1,25+,CT,fresh,GBP
83,HJ Hvac Solutions,+19316298545,Lawrenceburg,TN,HVAC,3,,CT,fresh,GBP
84,Howard's Heating & Air,+15028398801,Lawrenceburg,KY,HVAC,5,10+,ET,fresh,GBP
85,Tennessee Heating & Air Conditioning,+19312086758,Lawrenceburg,TN,HVAC,6,10+,CT,fresh,GBP
86,Freedom Heating & Air LLC,+19319032005,Lawrenceburg,TN,HVAC,7,,CT,fresh,GBP
87,D E Hill & Son Inc,+19317629584,Lawrenceburg,TN,HVAC,9,10+,CT,fresh,GBP
88,Searcy Heating And Cooling Llc,+15026043840,Lawrenceburg,KY,HVAC,11,5+,ET,fresh,GBP
89,Bobby Hyatt Plumbing & HVAC,+15028396827,Lawrenceburg,KY,HVAC,13,45+,ET,fresh,GBP
90,Countryside Repair Inc,+15028396660,Lawrenceburg,KY,HVAC,27,10+,ET,fresh,GBP
91,Nail Home Services,+18123661065,Lawrenceburg,IN,HVAC,69,10+,ET,fresh,GBP
92,Freedom Air,+15026048382,Lawrenceburg,KY,HVAC,148,3+,ET,fresh,GBP
93,The Air Doctor Inc,+18597433626,Lawrenceburg,KY,HVAC,212,5+,ET,fresh,GBP
94,Wade Hatchell Heating & Cooling Inc,+15028393709,Lawrenceburg,KY,HVAC,143,,ET,fresh,GBP
95,Patterson Heating & Air Conditioning Inc,+17063424113,Social Circle,GA,HVAC,249,25+,ET,fresh,GBP
96,Green's Heating and Air LLC,+14045161317,Covington,GA,HVAC,314,7+,ET,fresh,GBP
97,Comfort Central Cooling & Heating,+16787266333,Covington,GA,HVAC,177,5+,ET,fresh,GBP
98,Scotty's Heating and A/C Inc,+17706281326,Senoia,GA,HVAC,359,25+,ET,fresh,GBP
99,Scott Walker Heating and Air,+17703048282,Newnan,GA,HVAC,609,20+,ET,fresh,GBP
100,The Air Guys LLC,+19312954030,Chapel Hill,TN,HVAC,370,7+,CT,fresh,GBP
