Business Name,Phone,City,State,Niche,Rating,Reviews,Website,Address,Pain Score,Pain Evidence,Source,Verified,Hours
Priority Roofing,"î‚°
(469) 615-8193",Dallas,TX,roofing,5.0,939,"î ‹
priorityroofs.com","1420 W Mockingbird Ln Suite 540, Dallas, TX 75247, USA",5,Closes at 5:00 PM | Closed weekends,after_hours,YES,
Reveles Roofing,"î‚°
(214) 900-8930",Dallas,TX,roofing,5.0,209,"î ‹
revelesroofing.com","5101 Parry Ave, Dallas, TX 75223, USA",5,Closes at 2:00 PM | Closed weekends,after_hours,YES,
Blue Hammer Roofing,"î‚°
(469) 564-8357",Dallas,TX,roofing,4.9,1247,"î ‹
bluehammerroofing.com","8330 Lyndon B Johnson Fwy B604, Dallas, TX 75243, USA",5,Closes at 4:00 PM | Closed weekends,after_hours,YES,
White Rock Roofing,"î‚°
(972) 362-9647",Dallas,TX,roofing,5.0,206,"î ‹
roofwhiterock.com","3500 Oak Lawn Ave #460, Dallas, TX 75219, USA",5,Closes at 3:00 PM | Closed weekends,after_hours,YES,
JonLe Heating & Cooling,"î‚°
(513) 662-2282",Cincinnati,OH,HVAC,4.9,799,"î ‹
jonle.com","4117 Bridgetown Rd, Cincinnati, OH 45211, USA",5,Closes at 3:00 PM | Closed weekends,after_hours,YES,
Halpin Plumbing Inc,"î‚°
(513) 790-6985",Cincinnati,OH,plumbing,4.9,1141,"î ‹
halpinplumbing.com","5177 Fishwick Dr, Cincinnati, OH 45216, USA",5,Closes at 4:30 PM | Closed weekends,after_hours,YES,
Nieman Plumbing,"î‚°
(513) 851-5588",Cincinnati,OH,plumbing,4.8,499,"î ‹
niemanplumbing.com","2030 Stapleton Ct, Cincinnati, OH 45240, USA",5,Closes at 5:00 PM | Closed weekends,after_hours,YES,
Leitner Electric Co,"î‚°
(513) 643-2113",Cincinnati,OH,electrical,4.9,112,"î ‹
leitnerelectric.com","11260 Cornell Park Dr Suite #707, Blue Ash, OH 45242, USA",5,Closes at 4:00 PM | Closed weekends,after_hours,YES,
Frey Electric Inc,"î‚°
(513) 385-0700",Cincinnati,OH,electrical,4.3,49,"î ‹
freyelectric.com","5700 Cheviot Rd, Cincinnati, OH 45247, USA",5,Closes at 4:00 PM | Closed weekends,after_hours,YES,
Molloy Roofing Company,"î‚°
(513) 791-7400",Cincinnati,OH,roofing,4.8,276,"î ‹
molloyroofing.com","11099 Deerfield Rd, Cincinnati, OH 45242, USA",5,Closes at 5:00 PM | Closed weekends,after_hours,YES,
"Deer Park Roofing, LLC","î‚°
(513) 224-5479",Cincinnati,OH,roofing,4.8,689,"î ‹
deerparkroofing.com","7201 Blue Ash Rd, Cincinnati, OH 45236, USA",5,Closes at 5:00 PM | Closed weekends,after_hours,YES,
"R & T Yoder Electric, Inc - Central Columbus","î‚°
(614) 665-0445",Columbus,OH,electrical,4.9,110,"î ‹
yoderelectric.com","1581 N High St STE 109, Columbus, OH 43201, USA",5,Closes at 5:00 PM | Closed weekends,after_hours,YES,
Quality Electric,"î‚°
(614) 431-9500",Columbus,OH,electrical,4.6,177,"î ‹
qualityohio.com","6200 Huntley Rd Suite D, Columbus, OH 43229, USA",5,Closes at 5:00 PM | Closed weekends,after_hours,YES,
Ramos Roofing,"î‚°
(614) 761-7663",Columbus,OH,roofing,4.9,376,"î ‹
ramosroofingohio.com","201 Oak St, Columbus, OH 43235, USA",5,Closes at 4:00 PM | Closed weekends,after_hours,YES,
"Newman Roofing, LLC","î‚°
(614) 639-7663",Columbus,OH,roofing,5.0,1057,"î ‹
newmanroofing.com","825 Kintner Pkwy, Sunbury, OH 43074, USA",5,Closes at 5:00 PM | Closed weekends,after_hours,YES,
Muth & Company Roofing,"î‚°
(614) 882-0900",Columbus,OH,roofing,4.8,398,"î ‹
muthroofing.com","5951 Westerville Rd, Westerville, OH 43081, USA",5,Closes at 5:00 PM | Closed weekends,after_hours,YES,
JF Baker Roofing Company,"î‚°
(614) 297-7663",Columbus,OH,roofing,5.0,82,"î ‹
jfbakerroofing.com","1496 Delashmut Ave, Columbus, OH 43212, USA",5,Closes at 5:00 PM | Closed weekends,after_hours,YES,
Yunger-Allen Electrical Contractors Systems and Solutions LLC,"î‚°
(404) 939-3184",Atlanta,GA,electrical,5.0,43,"î ‹
yunger-allenelectrical.com","2002 Summit Blvd NE STE 300, Atlanta, GA 30319, USA",5,Closes at 5:00 PM | Closed weekends,after_hours,YES,
Atlanta Roofing Specialists,"î‚°
(770) 284-6885",Atlanta,GA,roofing,4.9,359,"î ‹
atlantaroofingspecialists.com","1232 Sandtown Rd SW, Marietta, GA 30008, USA",5,Closes at 5:00 PM | Closed weekends,after_hours,YES,
Carolina Electric Proâ€™s,"î‚°
(704) 713-3793",Charlotte,NC,electrical,4.9,659,"î ‹
carolinaelectricpros.com","224 Foster Ave Suite A, Charlotte, NC 28203, USA",5,Closes at 4:00 PM | Closed weekends,after_hours,YES,
Baker Roofing Company,"î‚°
(704) 587-3737",Charlotte,NC,roofing,4.7,60,"î ‹
bakerroofing.com","5432 Wyoming Ave, Charlotte, NC 28273, USA",5,Closes at 5:00 PM | Closed weekends,after_hours,YES,
Hardy Electric,"î‚°
(615) 883-4003",Nashville,TN,electrical,4.9,115,"î ‹
hardyelectric.net","241 Craigmeade Dr #2406, Nashville, TN 37214, USA",5,Closes at 4:00 PM | Closed weekends,after_hours,YES,
Dodd Electric,"î‚°
(615) 269-9994",Nashville,TN,electrical,4.4,33,"î ‹
doddelectric.com","2506 White Ave, Nashville, TN 37204, USA",5,Closes at 3:00 PM | Closed weekends,after_hours,YES,
"Groves Electric, Inc.","î‚°
(813) 789-3400",Tampa,FL,electrical,5.0,165,"î ‹
groveselectricinc.com","530 Luzon Ave, Tampa, FL 33606, USA",5,Closes at 5:00 PM | Closed weekends,after_hours,YES,
Blue Heating and Cooling,"î‚°
(816) 719-1099",Kansas,MO,HVAC,5.0,698,"î ‹
blueheatingandcooling.com","9926 MO-45, Parkville, MO 64152, USA",5,Closes at 4:30 PM | Closed weekends,after_hours,YES,
Jeremy Electrical,"î‚°
(913) 375-0070",Kansas,MO,electrical,4.9,689,"î ‹
jeremykc.com","4908 Johnson Dr, Mission, KS 66205, USA",5,Closes at 5:00 PM | Closed weekends,after_hours,YES,
Pure Light Electric LLC,"î‚°
(913) 278-6049",Kansas,MO,electrical,5.0,142,"î ‹
purelightelectric.com","1800 Central St #202, Kansas City, MO 64108, USA",5,Closes at 5:00 PM | Closed weekends,after_hours,YES,
Christian Brothers Roofing LLC,"î‚°
(816) 453-7663",Kansas,MO,roofing,5.0,1778,"î ‹
christianbrothersroofingllc.com","7514 N Oak Trafficway, Gladstone, MO 64118, USA",5,Closes at 3:00 PM | Closed weekends,after_hours,YES,
JR & Co.,"î‚°
(816) 587-6148",Kansas,MO,roofing,4.8,301,"î ‹
jrcousa.com","1201 W 31st St #1, Kansas City, MO 64108, USA",5,Closes at 5:00 PM | Closed weekends,after_hours,YES,
Garcia Roofing Kansas City,"î‚°
(816) 286-7387",Kansas,MO,roofing,5.0,199,"î ‹
garciaroofing.biz","119 W Gregory Blvd, Kansas City, MO 64113, USA",5,Closes at 5:00 PM | Closed weekends,after_hours,YES,
Century Roofing,"î‚°
(913) 422-0099",Kansas,MO,roofing,4.8,357,"î ‹
centuryroofingkc.com","6 S 59th St Ln, Kansas City, KS 66102, USA",5,Closes at 4:00 PM | Closed weekends,after_hours,YES,
Premier Roofing Company,"î‚°
(816) 254-7663",Kansas,MO,roofing,4.4,398,"î ‹
premier-roofing.com","10580 Barkley St # 450, Overland Park, KS 66212, USA",5,Closes at 5:00 PM | Closed weekends,after_hours,YES,
Easton Roofing,"î‚°
(913) 257-5426",Kansas,MO,roofing,4.8,390,"î ‹
eastonroofing.com","1707 W 39th Ave, Kansas City, KS 66103, USA",5,Closes at 5:00 PM | Closed weekends,after_hours,YES,
Bone Dry Roofing,"î‚°
(629) 225-7067",Nashville,TN,roofing,4.8,301,"î ‹
bonedry.com","4201 Sidco Dr, Nashville, TN 37204, USA",3,"[1*] ""Unresponsive and dishonest pricing. I had an estimate done 4 months ago for some repairs and loved o..."" (keyword: no response)",pain_signal,YES,
National Economy Plumbers,"î‚°
(901) 278-4242",Memphis,TN,plumbing,4.6,135,"î ‹
nationaleconomyplumbers.com","2114 Southern Ave, Memphis, TN 38114, USA",3,"[1*] ""I Do Not Recommend National Economy Plumbers.  Nothing economy about $1,080 in labor for replacing 2..."" (keyword: tried calling)",pain_signal,YES,
"Bluff City Electrical Contractors, LLC","î‚°
(901) 245-8765",Memphis,TN,electrical contractor,4.5,25,"î ‹
bluffcityelectrical.com","5770 US-51, Memphis, TN 38127, USA",3,"[1*] ""Very poor communication all around. Company never checked in or out when arriving to the job as dire..."" (keyword: no answer)",pain_signal,YES,
Electrical Contractor's Inc,"î‚°
(901) 396-6907",Memphis,TN,electrical contractor,4.7,3,,"3412 Winbrook Dr, Memphis, TN 38116, USA",3,No website | Only 3 reviews,pain_signal,YES,
Louisville Hvac Proâ€™s,"î‚°
(502) 553-8534",Louisville,KY,HVAC,4.9,129,"î ‹
louisvillehvacpros.com","10810 Holsclaw Hill Rd, Fairdale, KY 40118, USA",3,"[1*] ""Wow. Iâ€™m pretty sure this company is a scam run with AI. I spoke to the owner on Wednesday-the male ..."" (keyword: called multiple times)",pain_signal,YES,
HKC Roofing & Construction,"î‚°
(502) 212-1081",Louisville,KY,roofing,4.6,198,"î ‹
roofyourhouse.com","5061 Poplar Level Rd, Louisville, KY 40219, USA",3,"[1*] ""Would not recommend. Left paint stains on my driveway, ruined the gutter guards they should have rem..."" (keyword: no response)",pain_signal,YES,
"Allstate Electrical Contractors, Inc","î‚°
(405) 235-6543",Oklahoma,OK,electrical contractor,3.0,9,"î ‹
allstateelectricokc.com","1524 S May Ave, Oklahoma City, OK 73108, USA",3,Only 9 reviews | Rating: 3,pain_signal,YES,
J. R. Lane Plumbing Co.,"î‚°
(919) 231-1388",Raleigh,NC,plumbing,4.7,169,"î ‹
laneplumbingraleigh.com","805 Sunnybrook Rd, Raleigh, NC 27610, USA",3,"[5*] ""I genuinely cannot say enough good things about Lane Plumbing. If youâ€™re looking for a plumber who w..."" (keyword: answering machine)",pain_signal,YES,
"Ram Plumbing, Inc.","î‚°
(520) 214-1976",Tucson,AZ,plumbing,4.8,454,"î ‹
ramplumbingaz.com","2500 N Coyote Dr Suite 112, Tucson, AZ 85745, USA",3,"[4*] ""David Cook was sent out when I found my hot water heater leaking on a Friday night. He was able to s..."" (keyword: tried calling)",pain_signal,YES,
Curtis Plumbing,"î‚°
(520) 323-7697",Tucson,AZ,plumbing,4.8,221,"î ‹
curtisplumbing.net","4281 E Tennessee St, Tucson, AZ 85714, USA",3,"[5*] ""Woke up Christmas Eve and septic tank was FULL! Called around and got no answer or response from oth..."" (keyword: no answer)",pain_signal,YES,
"Southern Arizona Roof Associates, LLC","î‚°
(520) 438-7663",Tucson,AZ,roofing,4.9,88,"î ‹
getroof.com","3429 E Kleindale Rd #101, Tucson, AZ 85716, USA",3,"[5*] ""Dan and his team at Southern Arizona Roofing Associates have exceeded my expectations with their exc..."" (keyword: tried calling)",pain_signal,YES,
Plumb Tite Plumbing & Drains,"î‚°
(513) 338-8483",Cincinnati,OH,plumbing,4.8,865,"î ‹
plumbtite.com","8442 Vine St, Cincinnati, OH 45216, USA",3,Closes at 5:00 PM,after_hours,YES,
Nixco Plumbing Inc.,"î‚°
(513) 445-6600",Cincinnati,OH,plumbing,4.8,2178,"î ‹
nixcoplumbing.com","4281 US-42, Mason, OH 45040, USA",3,Closes at 5:00 PM,after_hours,YES,
Advantage Roofing,"î‚°
(513) 467-6631",Cincinnati,OH,roofing,5.0,295,"î ‹
goroof1.com","5706 Carthage Ave, Cincinnati, OH 45212, USA",3,Closes at 5:00 PM,after_hours,YES,
Columbus Roofing Company,"î‚°
(614) 756-2335",Columbus,OH,roofing,4.9,262,"î ‹
columbusroofingco.com","5131 Post Rd #355, Dublin, OH 43017, USA",3,Closes at 5:00 PM,after_hours,YES,
Pioneer Electric Company,"î‚°
(615) 975-8010",Nashville,TN,electrical,5.0,171,"î ‹
pioneerelectriccompany.com","4216 Long Hollow Pike, Goodlettsville, TN 37072, USA",3,Closes at 5:00 PM,after_hours,YES,
"AB Electrical, Inc.","î‚°
(816) 350-0062",Kansas,MO,electrical,4.8,16,"î ‹
ab-elec.com","3340 The Paseo, Kansas City, MO 64109, USA",3,Closed weekends | Only 16 reviews,after_hours,YES,
Barth Electric Co Inc,"î‚°
(317) 924-6226",Indianapolis,IN,electrical contractor,3.7,21,"î ‹
barthelectric.com","1934 N Illinois St, Indianapolis, IN 46202, USA",2,Rating: 3.7,pain_signal,YES,
Indy Electric,"î‚°
(317) 746-6752",Indianapolis,IN,electrical contractor,5.0,25,,"4320 W 59th St #1204, Indianapolis, IN 46254, USA",2,No website,pain_signal,YES,
Wiggins Brothers Electricians Co,"î‚°
(317) 751-9551",Indianapolis,IN,electrical contractor,4.7,79,,"8260 Naab Rd #4240, Indianapolis, IN 46260, USA",2,No website,pain_signal,YES,
Adept Electric Birmingham Co,"î‚°
(659) 207-8256",Birmingham,AL,electrical contractor,5.0,27,,"4117 2nd Ave S, Birmingham, AL 35222, USA",2,No website,pain_signal,YES,
Tucson Fast House Electric,"î‚°
(520) 523-2894",Tucson,AZ,electrical contractor,4.8,137,,"7018 E Golf Links Rd #5470, Tucson, AZ 85730, USA",2,No website,pain_signal,YES,
Gideon Service Company,"î‚°
(480) 916-0842",Phoenix,AZ,electrical,5.0,183,"î ‹
gideonservicecompany.com","2942 N 24th St #201, Phoenix, AZ 85016, USA",2,Closed weekends,after_hours,YES,
Buckeye Electric of Upper Arlington,"î‚°
(614) 664-8800",Columbus,OH,electrical,4.6,330,"î ‹
614electrician.com","470 W Broad St UNIT 707, Columbus, OH 43215, USA",2,Closed weekends,after_hours,YES,
Able Roofing,"î‚°
(614) 444-7663",Columbus,OH,roofing,4.5,1160,"î ‹
ableroof.com","4777 Westerville Rd, Columbus, OH 43231, USA",2,Closed weekends,after_hours,YES,
Robinson Electric Company,"î‚°
(404) 618-9529",Atlanta,GA,electrical,4.9,294,"î ‹
robinsonelectricco.com","2654 Wood Gate Way SW, Snellville, GA 30078, USA",2,Closed weekends,after_hours,YES,
Nashville Electric Service,"î‚°
(615) 736-6900",Nashville,TN,electrical,2.0,1004,"î ‹
nespower.com","1214 Church St #100, Nashville, TN 37246, USA",2,Closed weekends,after_hours,YES,
"Empower Electric, LLC","î‚°
(615) 889-1434",Nashville,TN,electrical,4.5,33,"î ‹
empower-electric.com","321 Homestead Rd, Nashville, TN 37207, USA",2,Closed weekends,after_hours,YES,
Table Mountain Electric Inc,"î‚°
(720) 742-4233",Denver,CO,electrical,4.9,417,"î ‹
tablemountainelectric.com","5160 Parfet St Unit B5, Wheat Ridge, CO 80033, USA",2,Closed weekends,after_hours,YES,
"Interstate Roofing, Inc.","î‚°
(303) 763-9114",Denver,CO,roofing,4.7,955,"î ‹
interstateroof.com","1000 W 47th Ave, Denver, CO 80211, USA",2,Closed weekends,after_hours,YES,
