First Name,Last Name,Phone,Email,City,State,Tags
"Galgon HVAC & Mechanical Service, Inc.",Owner,+14043521500,galgon-hvac-and-mechanical-service-inc@leads.theclawops.com,Atlanta,GA,"source:wave2-gbp,niche:hvac,campaign:founding-wave2"
HVAC Guyz & Plumbing Inc,Owner,+14702554535,hvac-guyz-and-plumbing-inc@leads.theclawops.com,Atlanta,GA,"source:wave2-gbp,niche:hvac,campaign:founding-wave2"
Premier HVAC Mechanical Corporation,Owner,+17706964189,premier-hvac-mechanical-corporation@leads.theclawops.com,Peachtree Corners,GA,"source:wave2-gbp,niche:hvac,campaign:founding-wave2"
Coldlife AC - Air Conditioner Services Miami,Owner,+13053513087,coldlife-ac---air-conditioner-services-miami@leads.theclawops.com,Miami,FL,"source:wave2-gbp,niche:hvac,campaign:founding-wave2"
"Aloha Air Conditioning, Inc.",Owner,+19547720079,aloha-air-conditioning-inc@leads.theclawops.com,Fort Lauderdale,FL,"source:wave2-gbp,niche:hvac,campaign:founding-wave2"
Residential & Commercial Plumbing Diagnostics of Miami,Owner,+17862504557,residential-and-commercial-plumbing-diagnostics-of-miami@leads.theclawops.com,Miami,FL,"source:wave2-gbp,niche:plumbing,campaign:founding-wave2"
Need a Plumber Inc,Owner,+19544456443,need-a-plumber-inc@leads.theclawops.com,Fort Lauderdale,FL,"source:wave2-gbp,niche:plumbing,campaign:founding-wave2"
1st Class HVAC Contractors Atlanta Inc,Owner,+14047799484,1st-class-hvac-contractors-atlanta-inc@leads.theclawops.com,Atlanta,GA,"source:wave2-gbp,niche:hvac,campaign:founding-wave2"
Scottsdale Plumbing Co,Owner,+14809459583,scottsdale-plumbing-co@leads.theclawops.com,Scottsdale,AZ,"source:wave2-gbp,niche:plumbing,campaign:founding-wave2"
Reliable Air Conditioning,Owner,+13053259283,reliable-air-conditioning@leads.theclawops.com,Miami Beach,FL,"source:wave2-gbp,niche:hvac,campaign:founding-wave2"
Pro HVAC Fort Lauderdale Techs,Owner,+19545698618,pro-hvac-fort-lauderdale-techs@leads.theclawops.com,Fort Lauderdale,FL,"source:wave2-gbp,niche:hvac,campaign:founding-wave2"
Expedited Heat & Air,Owner,+18139375272,expedited-heat-and-air@leads.theclawops.com,Tampa,FL,"source:wave2-gbp,niche:hvac,campaign:founding-wave2"
Total Comfort HVAC Service,Owner,+17205864411,total-comfort-hvac-service@leads.theclawops.com,Denver,CO,"source:wave2-gbp,niche:hvac,campaign:founding-wave2"
All Weather HVAC Denver,Owner,+17205814049,all-weather-hvac-denver@leads.theclawops.com,Denver,CO,"source:wave2-gbp,niche:hvac,campaign:founding-wave2"
Flow -Tech Air Conditioning Corp.,Owner,+13052645051,flow--tech-air-conditioning-corp@leads.theclawops.com,Miami,FL,"source:wave2-gbp,niche:hvac,campaign:founding-wave2"
Aircool Miami Services Inc,Owner,+13057962724,aircool-miami-services-inc@leads.theclawops.com,Homestead,FL,"source:wave2-gbp,niche:hvac,campaign:founding-wave2"
Cool Solution Services,Owner,+13055050871,cool-solution-services@leads.theclawops.com,Miami,FL,"source:wave2-gbp,niche:hvac,campaign:founding-wave2"
Ez Plumbing Repair Services,Owner,+17862396529,ez-plumbing-repair-services@leads.theclawops.com,Miami,FL,"source:wave2-gbp,niche:plumbing,campaign:founding-wave2"
A TEAM SERVICES Heating & Air,Owner,+17705165165,a-team-services-heating-and-air@leads.theclawops.com,Marietta,GA,"source:wave2-gbp,niche:hvac,campaign:founding-wave2"
AZ Home Services Group AC Repair & Plumbing Services of Scottsdale,Owner,+14809233969,az-home-services-group-ac-repair-and-plumbing-services-of-scottsdale@leads.theclawops.com,Scottsdale,AZ,"source:wave2-gbp,niche:plumbing,campaign:founding-wave2"
"Kenny's Air Conditioning & Heating Services, Inc.",Owner,+18138753669,kennys-air-conditioning-and-heating-services-inc@leads.theclawops.com,Tampa,FL,"source:wave2-gbp,niche:hvac,campaign:founding-wave2"
AC Repair Miami Beach,Owner,+13057604336,ac-repair-miami-beach@leads.theclawops.com,Miami Beach,FL,"source:wave2-gbp,niche:hvac,campaign:founding-wave2"
2 Bros Plumbing,Owner,+13059103817,2-bros-plumbing@leads.theclawops.com,Miami,FL,"source:wave2-gbp,niche:plumbing,campaign:founding-wave2"
Peppers Heating & Air Conditioning Service Inc.,Owner,+17704831282,peppers-heating-and-air-conditioning-service-inc@leads.theclawops.com,Atlanta,GA,"source:wave2-gbp,niche:hvac,campaign:founding-wave2"
Heating and Air Conditioning Repair,Owner,+14043482709,heating-and-air-conditioning-repair@leads.theclawops.com,College Park,GA,"source:wave2-gbp,niche:hvac,campaign:founding-wave2"
FitzGerald and Sons Plumbing Company,Owner,+17707663025,fitzgerald-and-sons-plumbing-company@leads.theclawops.com,Newnan,GA,"source:wave2-gbp,niche:plumbing,campaign:founding-wave2"
Alpha Heating & Cooling Llc.,Owner,+12149458799,alpha-heating-and-cooling-llc@leads.theclawops.com,Dallas,TX,"source:wave2-gbp,niche:hvac,campaign:founding-wave2"
Family First Comfort,Owner,+18179358540,family-first-comfort@leads.theclawops.com,Fort Worth,TX,"source:wave2-gbp,niche:hvac,campaign:founding-wave2"
Your Phoenix HVAC Contractor,Owner,+14802109071,your-phoenix-hvac-contractor@leads.theclawops.com,Phoenix,AZ,"source:wave2-gbp,niche:hvac,campaign:founding-wave2"
Tampa AC Services Inc,Owner,+17273298483,tampa-ac-services-inc@leads.theclawops.com,Tampa,FL,"source:wave2-gbp,niche:hvac,campaign:founding-wave2"
Apple Plumbing Services,Owner,+14806648098,apple-plumbing-services@leads.theclawops.com,Scottsdale,AZ,"source:wave2-gbp,niche:plumbing,campaign:founding-wave2"
360 HVAC PRO Heating and Cooling,Owner,+17209252051,360-hvac-pro-heating-and-cooling@leads.theclawops.com,Commerce City,CO,"source:wave2-gbp,niche:hvac,campaign:founding-wave2"
Premier Cooling LLC,Owner,+19542579998,premier-cooling-llc@leads.theclawops.com,Fort Lauderdale,FL,"source:wave2-gbp,niche:hvac,campaign:founding-wave2"
N & Q Electric & Plumbing Miami,Owner,+13056025615,n-and-q-electric-and-plumbing-miami@leads.theclawops.com,Miami,FL,"source:wave2-gbp,niche:plumbing,campaign:founding-wave2"
Fort Lauderdale Plumbing Co,Owner,+19547549578,fort-lauderdale-plumbing-co@leads.theclawops.com,Fort Lauderdale,FL,"source:wave2-gbp,niche:plumbing,campaign:founding-wave2"
I am a plumber & remodeler llc,Owner,+19549881251,i-am-a-plumber-and-remodeler-llc@leads.theclawops.com,Fort Lauderdale,FL,"source:wave2-gbp,niche:plumbing,campaign:founding-wave2"
Expert Plumber Fort Lauderdale,Owner,+19546205778,expert-plumber-fort-lauderdale@leads.theclawops.com,Fort Lauderdale,FL,"source:wave2-gbp,niche:plumbing,campaign:founding-wave2"
Reliant Plumbing Ft Lauderdale,Owner,+17543158595,reliant-plumbing-ft-lauderdale@leads.theclawops.com,Fort Lauderdale,FL,"source:wave2-gbp,niche:plumbing,campaign:founding-wave2"
Dallas Heating and Air Conditioning,Owner,+19724230012,dallas-heating-and-air-conditioning@leads.theclawops.com,Dallas,TX,"source:wave2-gbp,niche:hvac,campaign:founding-wave2"
Unlimited Air Conditioning and Heating,Owner,+19459987066,unlimited-air-conditioning-and-heating@leads.theclawops.com,Dallas,TX,"source:wave2-gbp,niche:hvac,campaign:founding-wave2"
Aire Serv of Dallas,Owner,+12148387191,aire-serv-of-dallas@leads.theclawops.com,Dallas,TX,"source:wave2-gbp,niche:hvac,campaign:founding-wave2"
Texas Discount Air,Owner,+19725236625,texas-discount-air@leads.theclawops.com,Fort Worth,TX,"source:wave2-gbp,niche:hvac,campaign:founding-wave2"
Platinum Services Plumbing,Owner,+14802469330,platinum-services-plumbing@leads.theclawops.com,Scottsdale,AZ,"source:wave2-gbp,niche:plumbing,campaign:founding-wave2"
Elite AC Heating Repair Miami,Owner,+13052398487,elite-ac-heating-repair-miami@leads.theclawops.com,Miami,FL,"source:wave2-gbp,niche:hvac,campaign:founding-wave2"
Maintenance Unlimited Heating & Cooling,Owner,+14044542686,maintenance-unlimited-heating-and-cooling@leads.theclawops.com,College Park,GA,"source:wave2-gbp,niche:hvac,campaign:founding-wave2"
Phoenix Roofing,Owner,+16024970154,phoenix-roofing@leads.theclawops.com,Phoenix,AZ,"source:wave2-gbp,niche:roofing,campaign:founding-wave2"
Reyes Roofing LLC,Owner,+14808283040,reyes-roofing-llc@leads.theclawops.com,Phoenix,AZ,"source:wave2-gbp,niche:roofing,campaign:founding-wave2"
Abraham AC & Heating Services,Owner,+19544336504,abraham-ac-and-heating-services@leads.theclawops.com,Oakland Park,FL,"source:wave2-gbp,niche:hvac,campaign:founding-wave2"
Empire Plumbing,Owner,+13055317017,empire-plumbing@leads.theclawops.com,Miami Beach,FL,"source:wave2-gbp,niche:plumbing,campaign:founding-wave2"
Diamond Plumbing,Owner,+17865656067,diamond-plumbing@leads.theclawops.com,Miami,FL,"source:wave2-gbp,niche:plumbing,campaign:founding-wave2"
"Mainline Plumbing, AC & Electric Repair",Owner,+19542660466,mainline-plumbing-ac-and-electric-repair@leads.theclawops.com,Fort Lauderdale,FL,"source:wave2-gbp,niche:plumbing,campaign:founding-wave2"
FitzGerald and Sons Plumbing Company,Owner,+17707668185,fitzgerald-and-sons-plumbing-company@leads.theclawops.com,Peachtree City,GA,"source:wave2-gbp,niche:plumbing,campaign:founding-wave2"
Metro Air Conditioning Heating & Services,Owner,+12143047658,metro-air-conditioning-heating-and-services@leads.theclawops.com,Dallas,TX,"source:wave2-gbp,niche:hvac,campaign:founding-wave2"
Jake the Plumbing Pro,Owner,+12147518381,jake-the-plumbing-pro@leads.theclawops.com,Dallas,TX,"source:wave2-gbp,niche:plumbing,campaign:founding-wave2"
Reliant Plumbing - Dallas,Owner,+12145500028,reliant-plumbing---dallas@leads.theclawops.com,Dallas,TX,"source:wave2-gbp,niche:plumbing,campaign:founding-wave2"
Supreme Comfort LLC,Owner,+16232942831,supreme-comfort-llc@leads.theclawops.com,Phoenix,AZ,"source:wave2-gbp,niche:hvac,campaign:founding-wave2"
All Season Plumbing And Air,Owner,+16233048128,all-season-plumbing-and-air@leads.theclawops.com,Scottsdale,AZ,"source:wave2-gbp,niche:plumbing,campaign:founding-wave2"
And Services,Owner,+18134454818,and-services@leads.theclawops.com,Tampa,FL,"source:wave2-gbp,niche:hvac,campaign:founding-wave2"
ACS Home Services- Tampa Air Conditioning Repair,Owner,+18137031042,acs-home-services--tampa-air-conditioning-repair@leads.theclawops.com,Tampa,FL,"source:wave2-gbp,niche:hvac,campaign:founding-wave2"
Fairway Heating & Cooling LLC,Owner,+18134439439,fairway-heating-and-cooling-llc@leads.theclawops.com,Tampa,FL,"source:wave2-gbp,niche:hvac,campaign:founding-wave2"
Tampa AC Services Inc,Owner,+18135193277,tampa-ac-services-inc@leads.theclawops.com,Wesley Chapel,FL,"source:wave2-gbp,niche:hvac,campaign:founding-wave2"
Mighty Plumbing Heating Air and Electric LLC.,Owner,+17207820679,mighty-plumbing-heating-air-and-electric-llc@leads.theclawops.com,Denver,CO,"source:wave2-gbp,niche:hvac,campaign:founding-wave2"
"Custom Heating, Plumbing & Air Conditioning Services",Owner,+13033411900,custom-heating-plumbing-and-air-conditioning-services@leads.theclawops.com,Aurora,CO,"source:wave2-gbp,niche:hvac,campaign:founding-wave2"
Service Air Conditioning Miami Beach,Owner,+16452028087,service-air-conditioning-miami-beach@leads.theclawops.com,Miami Beach,FL,"source:wave2-gbp,niche:hvac,campaign:founding-wave2"
AC Repair Miami Beach Pros,Owner,+17864811049,ac-repair-miami-beach-pros@leads.theclawops.com,Miami Beach,FL,"source:wave2-gbp,niche:hvac,campaign:founding-wave2"
Miami Beach HVAC,Owner,+19546745108,miami-beach-hvac@leads.theclawops.com,Miami Beach,FL,"source:wave2-gbp,niche:hvac,campaign:founding-wave2"
One Way Air,Owner,+19542992875,one-way-air@leads.theclawops.com,Fort Lauderdale,FL,"source:wave2-gbp,niche:hvac,campaign:founding-wave2"
Miami 305 Plumbing,Owner,+13058333404,miami-305-plumbing@leads.theclawops.com,Miami,FL,"source:wave2-gbp,niche:plumbing,campaign:founding-wave2"
Miami Dade Plumbing,Owner,+17867563185,miami-dade-plumbing@leads.theclawops.com,Miami,FL,"source:wave2-gbp,niche:plumbing,campaign:founding-wave2"
Oasis Plumbing,Owner,+13058344321,oasis-plumbing@leads.theclawops.com,Miami,FL,"source:wave2-gbp,niche:plumbing,campaign:founding-wave2"
Miami Beach Super Plumber,Owner,+13057967752,miami-beach-super-plumber@leads.theclawops.com,Miami Beach,FL,"source:wave2-gbp,niche:plumbing,campaign:founding-wave2"
Stars and Pipes Plumbing Atlanta,Owner,+17703987827,stars-and-pipes-plumbing-atlanta@leads.theclawops.com,Lilburn,GA,"source:wave2-gbp,niche:plumbing,campaign:founding-wave2"
Blue Moon Plumbing,Owner,+14693283243,blue-moon-plumbing@leads.theclawops.com,Dallas,TX,"source:wave2-gbp,niche:plumbing,campaign:founding-wave2"
Serenity Plumbing,Owner,+14807769039,serenity-plumbing@leads.theclawops.com,Scottsdale,AZ,"source:wave2-gbp,niche:plumbing,campaign:founding-wave2"
Scott Roofing Company,Owner,+16024427663,scott-roofing-company@leads.theclawops.com,Phoenix,AZ,"source:wave2-gbp,niche:roofing,campaign:founding-wave2"
All Hours Plumber,Owner,+18136866349,all-hours-plumber@leads.theclawops.com,Tampa,FL,"source:wave2-gbp,niche:plumbing,campaign:founding-wave2"
Premier Heating and Air,Owner,+17209542224,premier-heating-and-air@leads.theclawops.com,Greenwood Village,CO,"source:wave2-gbp,niche:hvac,campaign:founding-wave2"
"Douglas Orr Plumbing, Inc.",Owner,+13052406731,douglas-orr-plumbing-inc@leads.theclawops.com,Miami Springs,FL,"source:wave2-gbp,niche:plumbing,campaign:founding-wave2"
A-Y Plumbing Services,Owner,+18887667771,a-y-plumbing-services@leads.theclawops.com,Fort Lauderdale,FL,"source:wave2-gbp,niche:plumbing,campaign:founding-wave2"
Rose Plumbing Services Inc,Owner,+19545566765,rose-plumbing-services-inc@leads.theclawops.com,Fort Lauderdale,FL,"source:wave2-gbp,niche:plumbing,campaign:founding-wave2"
"Tribeca Plumbing, Inc.",Owner,+12144025454,tribeca-plumbing-inc@leads.theclawops.com,Dallas,TX,"source:wave2-gbp,niche:plumbing,campaign:founding-wave2"
Merit Plumbing Services,Owner,+16235266511,merit-plumbing-services@leads.theclawops.com,Scottsdale,AZ,"source:wave2-gbp,niche:plumbing,campaign:founding-wave2"
Arizona Roofing and Restoration,Owner,+14807718876,arizona-roofing-and-restoration@leads.theclawops.com,Phoenix,AZ,"source:wave2-gbp,niche:roofing,campaign:founding-wave2"
XRP Roofing,Owner,+16233008097,xrp-roofing@leads.theclawops.com,Phoenix,AZ,"source:wave2-gbp,niche:roofing,campaign:founding-wave2"
Valley Roofing and Repair,Owner,+16232507663,valley-roofing-and-repair@leads.theclawops.com,Phoenix,AZ,"source:wave2-gbp,niche:roofing,campaign:founding-wave2"
Phoenix Roofing Replacement Pros,Owner,+16024970225,phoenix-roofing-replacement-pros@leads.theclawops.com,Phoenix,AZ,"source:wave2-gbp,niche:roofing,campaign:founding-wave2"
Scottsdale Roofing and Gutters,Owner,+14804260885,scottsdale-roofing-and-gutters@leads.theclawops.com,Scottsdale,AZ,"source:wave2-gbp,niche:roofing,campaign:founding-wave2"
Canyon State Roofing & Consulting,Owner,+16024001635,canyon-state-roofing-and-consulting@leads.theclawops.com,Phoenix,AZ,"source:wave2-gbp,niche:roofing,campaign:founding-wave2"
Matt's Plumbing Services,Owner,+18132697370,matts-plumbing-services@leads.theclawops.com,Tampa,FL,"source:wave2-gbp,niche:plumbing,campaign:founding-wave2"
"Cass Plumbing, Inc.",Owner,+18136802980,cass-plumbing-inc@leads.theclawops.com,Tampa,FL,"source:wave2-gbp,niche:plumbing,campaign:founding-wave2"
Squeaks Services Plumbing Heating & Air - Denver,Owner,+13032805765,squeaks-services-plumbing-heating-and-air---denver@leads.theclawops.com,Denver,CO,"source:wave2-gbp,niche:plumbing,campaign:founding-wave2"
Direct Air Conditioning,Owner,+17868845021,direct-air-conditioning@leads.theclawops.com,Miami,FL,"source:wave2-gbp,niche:hvac,campaign:founding-wave2"
Best Price Mini Splits Miami Fl,Owner,+17864477745,best-price-mini-splits-miami-fl@leads.theclawops.com,Miami,FL,"source:wave2-gbp,niche:hvac,campaign:founding-wave2"
Freezing Mechanical,Owner,+13053637021,freezing-mechanical@leads.theclawops.com,Miami Gardens,FL,"source:wave2-gbp,niche:hvac,campaign:founding-wave2"
Air Conditioning Repair Downtown Miami LLC,Owner,+17864326002,air-conditioning-repair-downtown-miami-llc@leads.theclawops.com,Miami,FL,"source:wave2-gbp,niche:hvac,campaign:founding-wave2"
All Year Cooling & Plumbing,Owner,+18888208705,all-year-cooling-and-plumbing@leads.theclawops.com,Coral Springs,FL,"source:wave2-gbp,niche:hvac,campaign:founding-wave2"
Lindstrom Air Conditioning & Plumbing,Owner,+18007758691,lindstrom-air-conditioning-and-plumbing@leads.theclawops.com,Pompano Beach,FL,"source:wave2-gbp,niche:hvac,campaign:founding-wave2"
Cool Air ASAP,Owner,+17543043489,cool-air-asap@leads.theclawops.com,Lauderhill,FL,"source:wave2-gbp,niche:hvac,campaign:founding-wave2"
BW Air Conditioning,Owner,+19545657369,bw-air-conditioning@leads.theclawops.com,Pompano Beach,FL,"source:wave2-gbp,niche:hvac,campaign:founding-wave2"
Edd Helms Electric & Air Conditioning,Owner,+18003292520,edd-helms-electric-and-air-conditioning@leads.theclawops.com,Sunrise,FL,"source:wave2-gbp,niche:hvac,campaign:founding-wave2"
A Star Air Conditioning,Owner,+19547612600,a-star-air-conditioning@leads.theclawops.com,Fort Lauderdale,FL,"source:wave2-gbp,niche:hvac,campaign:founding-wave2"
Gold Plumbing & Repiping,Owner,+16452022034,gold-plumbing-and-repiping@leads.theclawops.com,Miami,FL,"source:wave2-gbp,niche:plumbing,campaign:founding-wave2"
Moncrief Heating & Air Conditioning,Owner,+14709645141,moncrief-heating-and-air-conditioning@leads.theclawops.com,Atlanta,GA,"source:wave2-gbp,niche:hvac,campaign:founding-wave2"
"Reliable Heating & Air, Plumbing and Electrical - Kennesaw",Owner,+17705949969,reliable-heating-and-air-plumbing-and-electrical---kennesaw@leads.theclawops.com,Kennesaw,GA,"source:wave2-gbp,niche:hvac,campaign:founding-wave2"
Cunningham Associates,Owner,+17703437565,cunningham-associates@leads.theclawops.com,Atlanta,GA,"source:wave2-gbp,niche:hvac,campaign:founding-wave2"
"Casteel Heating, Cooling, Plumbing & Electrical",Owner,+17707661673,casteel-heating-cooling-plumbing-and-electrical@leads.theclawops.com,Marietta,GA,"source:wave2-gbp,niche:hvac,campaign:founding-wave2"
Coolray Heating & Air Conditioning,Owner,+17704218400,coolray-heating-and-air-conditioning@leads.theclawops.com,Marietta,GA,"source:wave2-gbp,niche:hvac,campaign:founding-wave2"
"ANYTIME HEATING, COOLING AND PLUMBING",Owner,+16782031019,anytime-heating-cooling-and-plumbing@leads.theclawops.com,Marietta,GA,"source:wave2-gbp,niche:hvac,campaign:founding-wave2"
Air Force Heating & Air,Owner,+17705252303,air-force-heating-and-air@leads.theclawops.com,Marietta,GA,"source:wave2-gbp,niche:hvac,campaign:founding-wave2"
Vortex Mechanical Heating and Cooling,Owner,+17706157070,vortex-mechanical-heating-and-cooling@leads.theclawops.com,Marietta,GA,"source:wave2-gbp,niche:hvac,campaign:founding-wave2"
United Air Temp,Owner,+17709990314,united-air-temp@leads.theclawops.com,Marietta,GA,"source:wave2-gbp,niche:hvac,campaign:founding-wave2"
"Harlen Johnson HVAC, Plumbing & Electrical",Owner,+19724026198,harlen-johnson-hvac-plumbing-and-electrical@leads.theclawops.com,Dallas,TX,"source:wave2-gbp,niche:hvac,campaign:founding-wave2"
"Astar Air Conditioning, Plumbing & Electric",Owner,+19722787111,astar-air-conditioning-plumbing-and-electric@leads.theclawops.com,Dallas,TX,"source:wave2-gbp,niche:hvac,campaign:founding-wave2"
Coolinary Arts Heating & Cooling,Owner,+19729752665,coolinary-arts-heating-and-cooling@leads.theclawops.com,Dallas,TX,"source:wave2-gbp,niche:hvac,campaign:founding-wave2"
Service Experts Dallas,Owner,+19726197607,service-experts-dallas@leads.theclawops.com,Richardson,TX,"source:wave2-gbp,niche:hvac,campaign:founding-wave2"
"AirCo Air Conditioning, Heating and Plumbing",Owner,+18176189916,airco-air-conditioning-heating-and-plumbing@leads.theclawops.com,Fort Worth,TX,"source:wave2-gbp,niche:hvac,campaign:founding-wave2"
One Hour Air Conditioning & Heating,Owner,+18177665706,one-hour-air-conditioning-and-heating@leads.theclawops.com,Fort Worth,TX,"source:wave2-gbp,niche:hvac,campaign:founding-wave2"
Comfort Experts,Owner,+18173735848,comfort-experts@leads.theclawops.com,Fort Worth,TX,"source:wave2-gbp,niche:hvac,campaign:founding-wave2"
Aire Serv of Fort Worth,Owner,+18179003858,aire-serv-of-fort-worth@leads.theclawops.com,Fort Worth,TX,"source:wave2-gbp,niche:hvac,campaign:founding-wave2"
Service Experts Fort Worth,Owner,+18172415893,service-experts-fort-worth@leads.theclawops.com,Fort Worth,TX,"source:wave2-gbp,niche:hvac,campaign:founding-wave2"
Seal Heating and Air Conditioning,Owner,+18173827088,seal-heating-and-air-conditioning@leads.theclawops.com,Fort Worth,TX,"source:wave2-gbp,niche:hvac,campaign:founding-wave2"
Fort Worth Mechanical Group,Owner,+18178017084,fort-worth-mechanical-group@leads.theclawops.com,Fort Worth,TX,"source:wave2-gbp,niche:hvac,campaign:founding-wave2"
Parker & Sons,Owner,+16024249619,parker-and-sons@leads.theclawops.com,Phoenix,AZ,"source:wave2-gbp,niche:hvac,campaign:founding-wave2"
Goettl Air Conditioning and Plumbing - Phoenix AZ,Owner,+16025170039,goettl-air-conditioning-and-plumbing---phoenix-az@leads.theclawops.com,Phoenix,AZ,"source:wave2-gbp,niche:hvac,campaign:founding-wave2"
Semper Fi Heating and Cooling,Owner,+14807411440,semper-fi-heating-and-cooling@leads.theclawops.com,Mesa,AZ,"source:wave2-gbp,niche:hvac,campaign:founding-wave2"
Promise Heating & Air,Owner,+16023630230,promise-heating-and-air@leads.theclawops.com,Phoenix,AZ,"source:wave2-gbp,niche:hvac,campaign:founding-wave2"
Brown Roofing LLC,Owner,+16026265559,brown-roofing-llc@leads.theclawops.com,Phoenix,AZ,"source:wave2-gbp,niche:roofing,campaign:founding-wave2"
TSM Roofing LLC,Owner,+16232138267,tsm-roofing-llc@leads.theclawops.com,Phoenix,AZ,"source:wave2-gbp,niche:roofing,campaign:founding-wave2"
Rob's Roofing LLC,Owner,+14806873604,robs-roofing-llc@leads.theclawops.com,Phoenix,AZ,"source:wave2-gbp,niche:roofing,campaign:founding-wave2"
Air Masters of Tampa Bay,Owner,+18775030588,air-masters-of-tampa-bay@leads.theclawops.com,Tampa,FL,"source:wave2-gbp,niche:hvac,campaign:founding-wave2"
"Del-Air Heating, Air Conditioning and Plumbing",Owner,+18138595030,del-air-heating-air-conditioning-and-plumbing@leads.theclawops.com,Tampa,FL,"source:wave2-gbp,niche:hvac,campaign:founding-wave2"
"Acree Plumbing, Air & Electric",Owner,+18133241661,acree-plumbing-air-and-electric@leads.theclawops.com,Tampa,FL,"source:wave2-gbp,niche:hvac,campaign:founding-wave2"
"Super Heat, Air, And Plumbing",Owner,+18133021618,super-heat-air-and-plumbing@leads.theclawops.com,Tampa,FL,"source:wave2-gbp,niche:hvac,campaign:founding-wave2"
Caldeco Air Conditioning & Heating,Owner,+18132542211,caldeco-air-conditioning-and-heating@leads.theclawops.com,Tampa,FL,"source:wave2-gbp,niche:hvac,campaign:founding-wave2"
One Hour Air Conditioning & Heating,Owner,+18132910655,one-hour-air-conditioning-and-heating@leads.theclawops.com,Tampa,FL,"source:wave2-gbp,niche:hvac,campaign:founding-wave2"
"Golden West Plumbing, Heating, Air Conditioning, and Electrical",Owner,+13035299771,golden-west-plumbing-heating-air-conditioning-and-electrical@leads.theclawops.com,Denver,CO,"source:wave2-gbp,niche:hvac,campaign:founding-wave2"
Roots Heating & Air,Owner,+13033813061,roots-heating-and-air@leads.theclawops.com,Denver,CO,"source:wave2-gbp,niche:hvac,campaign:founding-wave2"
"Heart Heating, Cooling, Plumbing & Electric",Owner,+17204420474,heart-heating-cooling-plumbing-and-electric@leads.theclawops.com,Denver,CO,"source:wave2-gbp,niche:hvac,campaign:founding-wave2"
"Ultimate Heating, Cooling, Plumbing & Electric",Owner,+17203069245,ultimate-heating-cooling-plumbing-and-electric@leads.theclawops.com,Denver,CO,"source:wave2-gbp,niche:hvac,campaign:founding-wave2"
"Sanders & Johnson Heating, Cooling, and Plumbing",Owner,+17206192021,sanders-and-johnson-heating-cooling-and-plumbing@leads.theclawops.com,Denver,CO,"source:wave2-gbp,niche:hvac,campaign:founding-wave2"
Emergency AC Corp,Owner,+18335141414,emergency-ac-corp@leads.theclawops.com,Miami,FL,"source:wave2-gbp,niche:hvac,campaign:founding-wave2"
Stay Cool HVAC In Florida LLC,Owner,+19544779399,stay-cool-hvac-in-florida-llc@leads.theclawops.com,Fort Lauderdale,FL,"source:wave2-gbp,niche:hvac,campaign:founding-wave2"
Hernandez Plumbing Co.,Owner,+13054283782,hernandez-plumbing-co@leads.theclawops.com,Doral,FL,"source:wave2-gbp,niche:plumbing,campaign:founding-wave2"
Sunny Bliss Plumbing & Air,Owner,+13054400621,sunny-bliss-plumbing-and-air@leads.theclawops.com,Miami Beach,FL,"source:wave2-gbp,niche:plumbing,campaign:founding-wave2"
Roto-Rooter Plumbing & Water Cleanup,Owner,+13056617838,roto-rooter-plumbing-and-water-cleanup@leads.theclawops.com,Miami,FL,"source:wave2-gbp,niche:plumbing,campaign:founding-wave2"
Plumbing Around The Clock,Owner,+19548745152,plumbing-around-the-clock@leads.theclawops.com,Fort Lauderdale,FL,"source:wave2-gbp,niche:plumbing,campaign:founding-wave2"
Terry's Plumbing,Owner,+19545664357,terrys-plumbing@leads.theclawops.com,Oakland Park,FL,"source:wave2-gbp,niche:plumbing,campaign:founding-wave2"
Joe Hillman Plumbers,Owner,+19545779445,joe-hillman-plumbers@leads.theclawops.com,Davie,FL,"source:wave2-gbp,niche:plumbing,campaign:founding-wave2"
Kyle Plumbing,Owner,+19549941220,kyle-plumbing@leads.theclawops.com,Fort Lauderdale,FL,"source:wave2-gbp,niche:plumbing,campaign:founding-wave2"
Coastal Plumbing & Mechanical Service,Owner,+19547327342,coastal-plumbing-and-mechanical-service@leads.theclawops.com,Tamarac,FL,"source:wave2-gbp,niche:plumbing,campaign:founding-wave2"
Estes Services,Owner,+14043669620,estes-services@leads.theclawops.com,Atlanta,GA,"source:wave2-gbp,niche:hvac,campaign:founding-wave2"
Empire Heating & Air Conditioning Inc,Owner,+14042940900,empire-heating-and-air-conditioning-inc@leads.theclawops.com,Decatur,GA,"source:wave2-gbp,niche:hvac,campaign:founding-wave2"
Comfort Solutions Heating & Cooling LLC,Owner,+17708002665,comfort-solutions-heating-and-cooling-llc@leads.theclawops.com,Winston,GA,"source:wave2-gbp,niche:hvac,campaign:founding-wave2"
Palette Plumbing,Owner,+14702024432,palette-plumbing@leads.theclawops.com,Atlanta,GA,"source:wave2-gbp,niche:plumbing,campaign:founding-wave2"
The Plumbers Guild,Owner,+14046945128,the-plumbers-guild@leads.theclawops.com,Atlanta,GA,"source:wave2-gbp,niche:plumbing,campaign:founding-wave2"
Superior Plumbing,Owner,+17704227586,superior-plumbing@leads.theclawops.com,Kennesaw,GA,"source:wave2-gbp,niche:plumbing,campaign:founding-wave2"
Roto-Rooter Plumbing & Water Cleanup,Owner,+14048152959,roto-rooter-plumbing-and-water-cleanup@leads.theclawops.com,Atlanta,GA,"source:wave2-gbp,niche:plumbing,campaign:founding-wave2"
"Innovative Mechanical, LLC",Owner,+17707267407,innovative-mechanical-llc@leads.theclawops.com,Marietta,GA,"source:wave2-gbp,niche:hvac,campaign:founding-wave2"
"Precision Heating & Air, Inc.",Owner,+17707586551,precision-heating-and-air-inc@leads.theclawops.com,Dallas,GA,"source:wave2-gbp,niche:hvac,campaign:founding-wave2"
Texas AirZone LLC,Owner,+12148513886,texas-airzone-llc@leads.theclawops.com,Dallas,TX,"source:wave2-gbp,niche:hvac,campaign:founding-wave2"
Mondragon Mechanical LLC,Owner,+19722147002,mondragon-mechanical-llc@leads.theclawops.com,Dallas,TX,"source:wave2-gbp,niche:hvac,campaign:founding-wave2"
United States Home Services,Owner,+12143015784,united-states-home-services@leads.theclawops.com,Dallas,TX,"source:wave2-gbp,niche:hvac,campaign:founding-wave2"
"Mother Modern Plumbing, Sewer & Drain",Owner,+14692069515,mother-modern-plumbing-sewer-and-drain@leads.theclawops.com,Dallas,TX,"source:wave2-gbp,niche:plumbing,campaign:founding-wave2"
"Baker Brothers Plumbing, Air & Electric",Owner,+12143248811,baker-brothers-plumbing-air-and-electric@leads.theclawops.com,Mesquite,TX,"source:wave2-gbp,niche:plumbing,campaign:founding-wave2"
Mr. Rooter Plumbing of Farmers Branch,Owner,+19722545600,mr-rooter-plumbing-of-farmers-branch@leads.theclawops.com,Farmers Branch,TX,"source:wave2-gbp,niche:plumbing,campaign:founding-wave2"
All Masters Plumbing,Owner,+12143960270,all-masters-plumbing@leads.theclawops.com,Dallas,TX,"source:wave2-gbp,niche:plumbing,campaign:founding-wave2"
Roto-Rooter Plumbing & Water Cleanup,Owner,+19728222200,roto-rooter-plumbing-and-water-cleanup@leads.theclawops.com,Dallas,TX,"source:wave2-gbp,niche:plumbing,campaign:founding-wave2"
Pure Plumbing,Owner,+14695250000,pure-plumbing@leads.theclawops.com,Richardson,TX,"source:wave2-gbp,niche:plumbing,campaign:founding-wave2"
Mr. Rooter Plumbing of Dallas,Owner,+12143399027,mr-rooter-plumbing-of-dallas@leads.theclawops.com,Dallas,TX,"source:wave2-gbp,niche:plumbing,campaign:founding-wave2"
Fort Worth Air Conditioning Co. Inc.,Owner,+18173676000,fort-worth-air-conditioning-co-inc@leads.theclawops.com,Fort Worth,TX,"source:wave2-gbp,niche:hvac,campaign:founding-wave2"
"1st Choice Plumbing, Heating & Air Solutions",Owner,+18176741300,1st-choice-plumbing-heating-and-air-solutions@leads.theclawops.com,Fort Worth,TX,"source:wave2-gbp,niche:hvac,campaign:founding-wave2"
Prime Time Heating And Air LLC,Owner,+18178887313,prime-time-heating-and-air-llc@leads.theclawops.com,Fort Worth,TX,"source:wave2-gbp,niche:hvac,campaign:founding-wave2"
"NSG Heating and Air Specialists, LLC",Owner,+18179934822,nsg-heating-and-air-specialists-llc@leads.theclawops.com,Fort Worth,TX,"source:wave2-gbp,niche:hvac,campaign:founding-wave2"
"Comfort Experts, Inc.",Owner,+18178394687,comfort-experts-inc@leads.theclawops.com,Fort Worth,TX,"source:wave2-gbp,niche:hvac,campaign:founding-wave2"
Island Breeze Air Conditioning & Heating LLC,Owner,+16236926013,island-breeze-air-conditioning-and-heating-llc@leads.theclawops.com,Phoenix,AZ,"source:wave2-gbp,niche:hvac,campaign:founding-wave2"
AZ Home Services Group AC Repair & Plumbing Services,Owner,+16028067212,az-home-services-group-ac-repair-and-plumbing-services@leads.theclawops.com,Tempe,AZ,"source:wave2-gbp,niche:hvac,campaign:founding-wave2"
Lincoln AC & Heating Repair,Owner,+16232948185,lincoln-ac-and-heating-repair@leads.theclawops.com,Phoenix,AZ,"source:wave2-gbp,niche:hvac,campaign:founding-wave2"
Omnia Plumbing,Owner,+14807728342,omnia-plumbing@leads.theclawops.com,Scottsdale,AZ,"source:wave2-gbp,niche:plumbing,campaign:founding-wave2"
Cactus Plumbing And Air,Owner,+14804189912,cactus-plumbing-and-air@leads.theclawops.com,Scottsdale,AZ,"source:wave2-gbp,niche:plumbing,campaign:founding-wave2"
Flush King Plumbing,Owner,+16026441950,flush-king-plumbing@leads.theclawops.com,Scottsdale,AZ,"source:wave2-gbp,niche:plumbing,campaign:founding-wave2"
Neighborhood Plumber & Drain Service,Owner,+16027559098,neighborhood-plumber-and-drain-service@leads.theclawops.com,Scottsdale,AZ,"source:wave2-gbp,niche:plumbing,campaign:founding-wave2"
Roto-Rooter Plumbing & Water Cleanup,Owner,+14804286335,roto-rooter-plumbing-and-water-cleanup@leads.theclawops.com,Scottsdale,AZ,"source:wave2-gbp,niche:plumbing,campaign:founding-wave2"
The Clean Plumbers - Tampa,Owner,+18137766191,the-clean-plumbers---tampa@leads.theclawops.com,Tampa,FL,"source:wave2-gbp,niche:plumbing,campaign:founding-wave2"
"Red Cap Plumbing, Air & Electric",Owner,+18135963030,red-cap-plumbing-air-and-electric@leads.theclawops.com,Tampa,FL,"source:wave2-gbp,niche:plumbing,campaign:founding-wave2"
EVERYDAYPLUMBER.com,Owner,+18138720200,everydayplumbercom@leads.theclawops.com,Tampa,FL,"source:wave2-gbp,niche:plumbing,campaign:founding-wave2"
Grable Plumbing & Air,Owner,+18136804806,grable-plumbing-and-air@leads.theclawops.com,Tampa,FL,"source:wave2-gbp,niche:plumbing,campaign:founding-wave2"
Alvarez Plumbing & Air Conditioning,Owner,+18132130533,alvarez-plumbing-and-air-conditioning@leads.theclawops.com,Tampa,FL,"source:wave2-gbp,niche:plumbing,campaign:founding-wave2"
Mr. Rooter Plumbing of Tampa,Owner,+18137042093,mr-rooter-plumbing-of-tampa@leads.theclawops.com,Tampa,FL,"source:wave2-gbp,niche:plumbing,campaign:founding-wave2"
Apex Plumbing,Owner,+18135020008,apex-plumbing@leads.theclawops.com,Tampa,FL,"source:wave2-gbp,niche:plumbing,campaign:founding-wave2"
Llona Plumbing,Owner,+18134771870,llona-plumbing@leads.theclawops.com,Tampa,FL,"source:wave2-gbp,niche:plumbing,campaign:founding-wave2"
Benjamin Franklin Plumbing,Owner,+18132787159,benjamin-franklin-plumbing@leads.theclawops.com,Tampa,FL,"source:wave2-gbp,niche:plumbing,campaign:founding-wave2"
Granda Plumbing,Owner,+18135992468,granda-plumbing@leads.theclawops.com,Tampa,FL,"source:wave2-gbp,niche:plumbing,campaign:founding-wave2"
"B&B Heating & Air Conditioning, Inc.",Owner,+13034237905,bandb-heating-and-air-conditioning-inc@leads.theclawops.com,Wheat Ridge,CO,"source:wave2-gbp,niche:hvac,campaign:founding-wave2"
Applewood Plumbing Heating & Electric,Owner,+13034441633,applewood-plumbing-heating-and-electric@leads.theclawops.com,Denver,CO,"source:wave2-gbp,niche:plumbing,campaign:founding-wave2"
"Brothers Plumbing, Heating & Electric",Owner,+17209947132,brothers-plumbing-heating-and-electric@leads.theclawops.com,Denver,CO,"source:wave2-gbp,niche:plumbing,campaign:founding-wave2"
A Better Plumber (an Absolute Plumbing Company),Owner,+17205798133,a-better-plumber-(an-absolute-plumbing-company)@leads.theclawops.com,Denver,CO,"source:wave2-gbp,niche:plumbing,campaign:founding-wave2"
Prime Plumbing & Heating,Owner,+17205428153,prime-plumbing-and-heating@leads.theclawops.com,Denver,CO,"source:wave2-gbp,niche:plumbing,campaign:founding-wave2"
"High 5 Plumbing, Heating, Cooling & Electric",Owner,+17203403843,high-5-plumbing-heating-cooling-and-electric@leads.theclawops.com,Denver,CO,"source:wave2-gbp,niche:plumbing,campaign:founding-wave2"
"King Rooter & Plumbing | Plumbers Denver, CO | Drain Cleaning | Sewer & Water Line | Tankless Water Heater Repair",Owner,+13035025651,king-rooter-and-plumbing-|-plumbers-denver-co-|-drain-cleaning-|-sewer-and-water-line-|-tankless-water-heater-repair@leads.theclawops.com,Denver,CO,"source:wave2-gbp,niche:plumbing,campaign:founding-wave2"
"Time Plumbing, Heating & Electric Denver",Owner,+13037586237,time-plumbing-heating-and-electric-denver@leads.theclawops.com,Denver,CO,"source:wave2-gbp,niche:plumbing,campaign:founding-wave2"
Speed plumbing,Owner,+17206706361,speed-plumbing@leads.theclawops.com,Denver,CO,"source:wave2-gbp,niche:plumbing,campaign:founding-wave2"
"Done Plumbing, Heating, Cooling & Electric",Owner,+13032189401,done-plumbing-heating-cooling-and-electric@leads.theclawops.com,Aurora,CO,"source:wave2-gbp,niche:plumbing,campaign:founding-wave2"
"AAA Service Plumbing, Heating & Electric",Owner,+17204007902,aaa-service-plumbing-heating-and-electric@leads.theclawops.com,Golden,CO,"source:wave2-gbp,niche:plumbing,campaign:founding-wave2"
"Doctor Fix-It Plumbing, Heating, Cooling & Electric",Owner,+17206471805,doctor-fix-it-plumbing-heating-cooling-and-electric@leads.theclawops.com,Denver,CO,"source:wave2-gbp,niche:plumbing,campaign:founding-wave2"
"Swan Plumbing, Heating & Air of Denver",Owner,+17207276479,swan-plumbing-heating-and-air-of-denver@leads.theclawops.com,Commerce City,CO,"source:wave2-gbp,niche:plumbing,campaign:founding-wave2"
Denver Plumber and HVAC,Owner,+13034595469,denver-plumber-and-hvac@leads.theclawops.com,Denver,CO,"source:wave2-gbp,niche:plumbing,campaign:founding-wave2"
Miami Air Conditioning Installation & Service Co,Owner,+16452414253,miami-air-conditioning-installation-and-service-co@leads.theclawops.com,Miami,FL,"source:wave2-gbp,niche:hvac,campaign:founding-wave2"
AC Repair near me HVAC Pros,Owner,+19543549464,ac-repair-near-me-hvac-pros@leads.theclawops.com,Fort Lauderdale,FL,"source:wave2-gbp,niche:hvac,campaign:founding-wave2"
Coolpro Heating and Cooling,Owner,+17706946232,coolpro-heating-and-cooling@leads.theclawops.com,Marietta,GA,"source:wave2-gbp,niche:hvac,campaign:founding-wave2"
Lyons Roofing,Owner,+16027372515,lyons-roofing@leads.theclawops.com,Phoenix,AZ,"source:wave2-gbp,niche:roofing,campaign:founding-wave2"
Phoenix Roofers by Allstate Roofing Contractors,Owner,+16024847663,phoenix-roofers-by-allstate-roofing-contractors@leads.theclawops.com,Phoenix,AZ,"source:wave2-gbp,niche:roofing,campaign:founding-wave2"
Reimagine Roofing,Owner,+16025841339,reimagine-roofing@leads.theclawops.com,Phoenix,AZ,"source:wave2-gbp,niche:roofing,campaign:founding-wave2"
SUNVEK Roofing,Owner,+16233497663,sunvek-roofing@leads.theclawops.com,Phoenix,AZ,"source:wave2-gbp,niche:roofing,campaign:founding-wave2"
Multi-Pro Roof Solutions,Owner,+16028887663,multi-pro-roof-solutions@leads.theclawops.com,Phoenix,AZ,"source:wave2-gbp,niche:roofing,campaign:founding-wave2"
4 Star Plumbing Services,Owner,+19547769888,4-star-plumbing-services@leads.theclawops.com,Fort Lauderdale,FL,"source:wave2-gbp,niche:plumbing,campaign:founding-wave2"
Plumb Works Inc.,Owner,+14044100490,plumb-works-inc@leads.theclawops.com,Atlanta,GA,"source:wave2-gbp,niche:plumbing,campaign:founding-wave2"
"Plumbers Near Me, LLC",Owner,+16026418882,plumbers-near-me-llc@leads.theclawops.com,Scottsdale,AZ,"source:wave2-gbp,niche:plumbing,campaign:founding-wave2"
"EZ Flow Plumbing, LLC",Owner,+16026134525,ez-flow-plumbing-llc@leads.theclawops.com,Chandler,AZ,"source:wave2-gbp,niche:plumbing,campaign:founding-wave2"
Olin Plumbing Inc.,Owner,+18134435820,olin-plumbing-inc@leads.theclawops.com,Tampa,FL,"source:wave2-gbp,niche:plumbing,campaign:founding-wave2"
Tampa Bay Plumbing LLC,Owner,+17272236400,tampa-bay-plumbing-llc@leads.theclawops.com,Clearwater,FL,"source:wave2-gbp,niche:plumbing,campaign:founding-wave2"
Total Plumbing Solutions,Owner,+18139352733,total-plumbing-solutions@leads.theclawops.com,Lutz,FL,"source:wave2-gbp,niche:plumbing,campaign:founding-wave2"
A Perfect Plumber LLC,Owner,+17203753900,a-perfect-plumber-llc@leads.theclawops.com,Englewood,CO,"source:wave2-gbp,niche:plumbing,campaign:founding-wave2"
RCI Air Conditioning Company,Owner,+13053963728,rci-air-conditioning-company@leads.theclawops.com,Miami,FL,"source:wave2-gbp,niche:hvac,campaign:founding-wave2"
Air On Demand,Owner,+13052595669,air-on-demand@leads.theclawops.com,Miami,FL,"source:wave2-gbp,niche:hvac,campaign:founding-wave2"
Quality Air Conditioning Company,Owner,+19545046314,quality-air-conditioning-company@leads.theclawops.com,Fort Lauderdale,FL,"source:wave2-gbp,niche:hvac,campaign:founding-wave2"
Cool Air USA,Owner,+18772302448,cool-air-usa@leads.theclawops.com,Lauderhill,FL,"source:wave2-gbp,niche:hvac,campaign:founding-wave2"
Cool by Design AC Repair & Heating,Owner,+19547109252,cool-by-design-ac-repair-and-heating@leads.theclawops.com,Oakland Park,FL,"source:wave2-gbp,niche:hvac,campaign:founding-wave2"
Air Magic,Owner,+19544914557,air-magic@leads.theclawops.com,Oakland Park,FL,"source:wave2-gbp,niche:hvac,campaign:founding-wave2"
Air Anytime,Owner,+19545695155,air-anytime@leads.theclawops.com,Oakland Park,FL,"source:wave2-gbp,niche:hvac,campaign:founding-wave2"
The Best HVAC Air Conditioning,Owner,+15618889666,the-best-hvac-air-conditioning@leads.theclawops.com,Pompano Beach,FL,"source:wave2-gbp,niche:hvac,campaign:founding-wave2"
"PV Heating, Cooling & Plumbing",Owner,+14702236782,pv-heating-cooling-and-plumbing@leads.theclawops.com,Atlanta,GA,"source:wave2-gbp,niche:hvac,campaign:founding-wave2"
RS Andrews,Owner,+17707667941,rs-andrews@leads.theclawops.com,Peachtree Corners,GA,"source:wave2-gbp,niche:hvac,campaign:founding-wave2"
The Air Company,Owner,+14045837788,the-air-company@leads.theclawops.com,Atlanta,GA,"source:wave2-gbp,niche:hvac,campaign:founding-wave2"
Carter and Sons HVAC,Owner,+17704344095,carter-and-sons-hvac@leads.theclawops.com,Smyrna,GA,"source:wave2-gbp,niche:hvac,campaign:founding-wave2"
Comfort Atlanta Heating & Air,Owner,+17708744033,comfort-atlanta-heating-and-air@leads.theclawops.com,Johns Creek,GA,"source:wave2-gbp,niche:hvac,campaign:founding-wave2"
Hope Heating & AC Repair,Owner,+16789169828,hope-heating-and-ac-repair@leads.theclawops.com,Atlanta,GA,"source:wave2-gbp,niche:hvac,campaign:founding-wave2"
Atlanta Air Pro,Owner,+14044374508,atlanta-air-pro@leads.theclawops.com,Atlanta,GA,"source:wave2-gbp,niche:hvac,campaign:founding-wave2"
E. Smith Heating & Air Conditioning,Owner,+16783698866,e-smith-heating-and-air-conditioning@leads.theclawops.com,Marietta,GA,"source:wave2-gbp,niche:hvac,campaign:founding-wave2"
Bartlett Heating & Cooling,Owner,+17704290278,bartlett-heating-and-cooling@leads.theclawops.com,Marietta,GA,"source:wave2-gbp,niche:hvac,campaign:founding-wave2"
Cool Air Mechanical,Owner,+14705315480,cool-air-mechanical@leads.theclawops.com,Marietta,GA,"source:wave2-gbp,niche:hvac,campaign:founding-wave2"
Dayco Systems Heating & Cooling,Owner,+14706881035,dayco-systems-heating-and-cooling@leads.theclawops.com,Acworth,GA,"source:wave2-gbp,niche:hvac,campaign:founding-wave2"
"E. Dennis Heating, Cooling, Plumbing & Electrical",Owner,+17705018620,e-dennis-heating-cooling-plumbing-and-electrical@leads.theclawops.com,Marietta,GA,"source:wave2-gbp,niche:hvac,campaign:founding-wave2"
Self Brothers Heating & Cooling,Owner,+16782103044,self-brothers-heating-and-cooling@leads.theclawops.com,Marietta,GA,"source:wave2-gbp,niche:hvac,campaign:founding-wave2"
Rescue Air and Plumbing,Owner,+19722013253,rescue-air-and-plumbing@leads.theclawops.com,Dallas,TX,"source:wave2-gbp,niche:hvac,campaign:founding-wave2"
Airtron Heating & Air Conditioning,Owner,+12145566792,airtron-heating-and-air-conditioning@leads.theclawops.com,Dallas,TX,"source:wave2-gbp,niche:hvac,campaign:founding-wave2"
"Cody & Sons Plumbing, Heating & Air",Owner,+12148949629,cody-and-sons-plumbing-heating-and-air@leads.theclawops.com,Dallas,TX,"source:wave2-gbp,niche:hvac,campaign:founding-wave2"
Serveway Heating and Air Conditioning,Owner,+14692319379,serveway-heating-and-air-conditioning@leads.theclawops.com,Dallas,TX,"source:wave2-gbp,niche:hvac,campaign:founding-wave2"
Moss Heating & Cooling,Owner,+19727336802,moss-heating-and-cooling@leads.theclawops.com,Dallas,TX,"source:wave2-gbp,niche:hvac,campaign:founding-wave2"
Quality 1 Energy Systems Heating & Air Conditioning,Owner,+12148566489,quality-1-energy-systems-heating-and-air-conditioning@leads.theclawops.com,Dallas,TX,"source:wave2-gbp,niche:hvac,campaign:founding-wave2"
Quigley Heating & Air Conditioning of Dallas,Owner,+12145268533,quigley-heating-and-air-conditioning-of-dallas@leads.theclawops.com,Farmers Branch,TX,"source:wave2-gbp,niche:hvac,campaign:founding-wave2"
Comfort Masters Heating & Air Conditioning,Owner,+18175005354,comfort-masters-heating-and-air-conditioning@leads.theclawops.com,Fort Worth,TX,"source:wave2-gbp,niche:hvac,campaign:founding-wave2"
Lawrence Air Conditioning & Heating,Owner,+18178864506,lawrence-air-conditioning-and-heating@leads.theclawops.com,Fort Worth,TX,"source:wave2-gbp,niche:hvac,campaign:founding-wave2"
Webb Air Heating & Cooling,Owner,+18175350881,webb-air-heating-and-cooling@leads.theclawops.com,Fort Worth,TX,"source:wave2-gbp,niche:hvac,campaign:founding-wave2"
Texan Heating and Air,Owner,+18177343073,texan-heating-and-air@leads.theclawops.com,Fort Worth,TX,"source:wave2-gbp,niche:hvac,campaign:founding-wave2"
AC Genius AC Repair & Service,Owner,+18173415160,ac-genius-ac-repair-and-service@leads.theclawops.com,Fort Worth,TX,"source:wave2-gbp,niche:hvac,campaign:founding-wave2"
"Day & Night Air Conditioning, Heating, & Plumbing",Owner,+16025847758,day-and-night-air-conditioning-heating-and-plumbing@leads.theclawops.com,Phoenix,AZ,"source:wave2-gbp,niche:hvac,campaign:founding-wave2"
North Valley Mechanical HVAC & Plumbing,Owner,+16232266686,north-valley-mechanical-hvac-and-plumbing@leads.theclawops.com,Phoenix,AZ,"source:wave2-gbp,niche:hvac,campaign:founding-wave2"
Cool Zone Air Conditioning & Heating,Owner,+16232500012,cool-zone-air-conditioning-and-heating@leads.theclawops.com,Phoenix,AZ,"source:wave2-gbp,niche:hvac,campaign:founding-wave2"
American Home Water & Air,Owner,+16029752697,american-home-water-and-air@leads.theclawops.com,Phoenix,AZ,"source:wave2-gbp,niche:hvac,campaign:founding-wave2"
Mountainside Air Conditioning Repair,Owner,+14809143425,mountainside-air-conditioning-repair@leads.theclawops.com,Phoenix,AZ,"source:wave2-gbp,niche:hvac,campaign:founding-wave2"
SG Mechanical Air,Owner,+16237779577,sg-mechanical-air@leads.theclawops.com,Phoenix,AZ,"source:wave2-gbp,niche:hvac,campaign:founding-wave2"
The Comfort Authority,Owner,+18134614819,the-comfort-authority@leads.theclawops.com,Tampa,FL,"source:wave2-gbp,niche:hvac,campaign:founding-wave2"
3H AC of Tampa,Owner,+18139794208,3h-ac-of-tampa@leads.theclawops.com,Tampa,FL,"source:wave2-gbp,niche:hvac,campaign:founding-wave2"
One Way Air,Owner,+18133080331,one-way-air@leads.theclawops.com,Tampa,FL,"source:wave2-gbp,niche:hvac,campaign:founding-wave2"
Momentum AC & Electric,Owner,+18137765320,momentum-ac-and-electric@leads.theclawops.com,Tampa,FL,"source:wave2-gbp,niche:hvac,campaign:founding-wave2"
Right Away Heating,Owner,+17206461962,right-away-heating@leads.theclawops.com,Denver,CO,"source:wave2-gbp,niche:hvac,campaign:founding-wave2"
Major Heating and Air Conditioning - Denver,Owner,+17208564848,major-heating-and-air-conditioning---denver@leads.theclawops.com,Wheat Ridge,CO,"source:wave2-gbp,niche:hvac,campaign:founding-wave2"
Comfort Pros Heating and Air Conditioning,Owner,+13037442776,comfort-pros-heating-and-air-conditioning@leads.theclawops.com,Denver,CO,"source:wave2-gbp,niche:hvac,campaign:founding-wave2"
MileHi HVAC Contractor Denver CO,Owner,+17207700055,milehi-hvac-contractor-denver-co@leads.theclawops.com,Englewood,CO,"source:wave2-gbp,niche:hvac,campaign:founding-wave2"
The Weather Changers Heating and Air Conditioning,Owner,+13033400077,the-weather-changers-heating-and-air-conditioning@leads.theclawops.com,Denver,CO,"source:wave2-gbp,niche:hvac,campaign:founding-wave2"
"Absolute Plumbing, Electrical, Heating & Air",Owner,+17203274525,absolute-plumbing-electrical-heating-and-air@leads.theclawops.com,Denver,CO,"source:wave2-gbp,niche:hvac,campaign:founding-wave2"
Apex Clean Air AC & Heating Repair,Owner,+17207305856,apex-clean-air-ac-and-heating-repair@leads.theclawops.com,Denver,CO,"source:wave2-gbp,niche:hvac,campaign:founding-wave2"
Morata Plumbing,Owner,+17865654040,morata-plumbing@leads.theclawops.com,Miami,FL,"source:wave2-gbp,niche:plumbing,campaign:founding-wave2"
John's Plumbing,Owner,+19542808682,johns-plumbing@leads.theclawops.com,Fort Lauderdale,FL,"source:wave2-gbp,niche:plumbing,campaign:founding-wave2"
John the Plumber,Owner,+19548072394,john-the-plumber@leads.theclawops.com,Pompano Beach,FL,"source:wave2-gbp,niche:plumbing,campaign:founding-wave2"
Infinity Plumbing,Owner,+19549796067,infinity-plumbing@leads.theclawops.com,Oakland Park,FL,"source:wave2-gbp,niche:plumbing,campaign:founding-wave2"
Pompa Plumbing Group,Owner,+17868650767,pompa-plumbing-group@leads.theclawops.com,Plantation,FL,"source:wave2-gbp,niche:plumbing,campaign:founding-wave2"
Fix & Flow Plumbing Co.,Owner,+14048003569,fix-and-flow-plumbing-co@leads.theclawops.com,Atlanta,GA,"source:wave2-gbp,niche:plumbing,campaign:founding-wave2"
Atlanta Plumbing & Drain CO,Owner,+14706938389,atlanta-plumbing-and-drain-co@leads.theclawops.com,Atlanta,GA,"source:wave2-gbp,niche:plumbing,campaign:founding-wave2"
Atlantis Plumbing,Owner,+17705058570,atlantis-plumbing@leads.theclawops.com,Atlanta,GA,"source:wave2-gbp,niche:plumbing,campaign:founding-wave2"
Plumbing Express,Owner,+14042366535,plumbing-express@leads.theclawops.com,Atlanta,GA,"source:wave2-gbp,niche:plumbing,campaign:founding-wave2"
Blue Skies Atlanta Plumbing,Owner,+14702232360,blue-skies-atlanta-plumbing@leads.theclawops.com,Stone Mountain,GA,"source:wave2-gbp,niche:plumbing,campaign:founding-wave2"
Peach Plumbing & Drain,Owner,+14702024440,peach-plumbing-and-drain@leads.theclawops.com,Atlanta,GA,"source:wave2-gbp,niche:plumbing,campaign:founding-wave2"
Pipedreamz Plumbing,Owner,+14042185650,pipedreamz-plumbing@leads.theclawops.com,Atlanta,GA,"source:wave2-gbp,niche:plumbing,campaign:founding-wave2"
Zippy Plumber,Owner,+14049892110,zippy-plumber@leads.theclawops.com,Alpharetta,GA,"source:wave2-gbp,niche:plumbing,campaign:founding-wave2"
"TE Certified, Electrical, Plumbing, Heating & Cooling",Owner,+17702993903,te-certified-electrical-plumbing-heating-and-cooling@leads.theclawops.com,Roswell,GA,"source:wave2-gbp,niche:plumbing,campaign:founding-wave2"
Panther Plumbing,Owner,+14047387228,panther-plumbing@leads.theclawops.com,Austell,GA,"source:wave2-gbp,niche:plumbing,campaign:founding-wave2"
Public Service Plumbers,Owner,+12148311959,public-service-plumbers@leads.theclawops.com,Dallas,TX,"source:wave2-gbp,niche:plumbing,campaign:founding-wave2"
"Milestone Electric, A/C, & Plumbing",Owner,+12147176708,milestone-electric-a/c-and-plumbing@leads.theclawops.com,Dallas,TX,"source:wave2-gbp,niche:plumbing,campaign:founding-wave2"
"Berkeys Plumbing, A/C & Electrical",Owner,+18174815869,berkeys-plumbing-a/c-and-electrical@leads.theclawops.com,Dallas,TX,"source:wave2-gbp,niche:plumbing,campaign:founding-wave2"
"Dial One Johnson Plumbing, Cooling & Heating",Owner,+14699491741,dial-one-johnson-plumbing-cooling-and-heating@leads.theclawops.com,Dallas,TX,"source:wave2-gbp,niche:plumbing,campaign:founding-wave2"
Workman Plumbing,Owner,+18178187813,workman-plumbing@leads.theclawops.com,Dallas,TX,"source:wave2-gbp,niche:plumbing,campaign:founding-wave2"
"Benjamin Franklin Plumbing of Scottsdale, Az",Owner,+16027865183,benjamin-franklin-plumbing-of-scottsdale-az@leads.theclawops.com,Scottsdale,AZ,"source:wave2-gbp,niche:plumbing,campaign:founding-wave2"
Zest Plumbing & Drain,Owner,+14806181750,zest-plumbing-and-drain@leads.theclawops.com,Scottsdale,AZ,"source:wave2-gbp,niche:plumbing,campaign:founding-wave2"
Trident Plumbing & Drain,Owner,+16232409737,trident-plumbing-and-drain@leads.theclawops.com,Peoria,AZ,"source:wave2-gbp,niche:plumbing,campaign:founding-wave2"
Premium Plumbing,Owner,+18137736486,premium-plumbing@leads.theclawops.com,Tampa,FL,"source:wave2-gbp,niche:plumbing,campaign:founding-wave2"
Hyper Flow Service,Owner,+18885413966,hyper-flow-service@leads.theclawops.com,Denver,CO,"source:wave2-gbp,niche:plumbing,campaign:founding-wave2"
Stonecreek Roofing,Owner,+16023243400,stonecreek-roofing@leads.theclawops.com,Phoenix,AZ,"source:wave2-gbp,niche:roofing,campaign:founding-wave2"
Arizona Roofers,Owner,+14806138932,arizona-roofers@leads.theclawops.com,Phoenix,AZ,"source:wave2-gbp,niche:roofing,campaign:founding-wave2"
Metro Flow Plumbing - Dallas Emergency Plumbers,Owner,+12143287371,metro-flow-plumbing---dallas-emergency-plumbers@leads.theclawops.com,Dallas,TX,"source:wave2-gbp,niche:plumbing,campaign:founding-wave2"
