Business Name,Phone,City,State,Niche,Reviews,Rating,Source,TZ
"EZ Flow Plumbing, LLC",+16026134525,Chandler,AZ,Plumbing,1249,4.9,wave2,MT
"Ultimate Heating, Cooling, Plumbing & Electric",+17203069245,Denver,CO,HVAC,1221,4.8,wave2,MT
"Maloney Plumbing & Drain Services in Phoenix, AZ",+16026713617,Phoenix,AZ,Plumbing,1061,4.9,mega,MT
"Plumbers Near Me, LLC",+16026418882,Scottsdale,AZ,Plumbing,1047,5,wave2,MT
The Aussie Plumber,+16028205551,Phoenix,AZ,Plumbing,963,5.0,mega,MT
Hips Plumbing,+17026262147,Las Vegas,NV,Plumbing,944,4.9,mega,MT
"Benjamin Franklin Plumbing of Scottsdale, Az",+16027865183,Scottsdale,AZ,Plumbing,923,4.9,wave2,MT
Vegas Valley Plumbing,+17027668827,Las Vegas,NV,Plumbing,898,4.9,mega,MT
Dignity Plumbing,+17028408910,Las Vegas,NV,Plumbing,891,4.9,mega,MT
Denver Plumber and HVAC,+13034595469,Denver,CO,Plumbing,868,4.7,wave2,MT
Reimagine Roofing,+16025841339,Phoenix,AZ,Roofing,849,4.8,wave2,MT
"Time Plumbing, Heating & Electric Denver",+13037586237,Denver,CO,Plumbing,779,4.6,wave2,MT
"Sanders & Johnson Heating, Cooling, and Plumbing",+17206192021,Denver,CO,HVAC,741,4.8,wave2,MT
AZ Perfect Comfort Heating & Cooling,+16028588261,Phoenix,AZ,HVAC,711,4.9,mega,MT
Lyons Roofing,+16027372515,Phoenix,AZ,Roofing,697,4.8,wave2,MT
Anthony's Plumbing,+16239365400,Phoenix,AZ,Plumbing,645,4.8,mega,MT
Custom Plumbing of Arizona - Phoenix,+16028662665,Phoenix,AZ,Plumbing,643,4.7,mega,MT
Nevada Residential Services Air Conditioning & Heating,+17028993249,Las Vegas,NV,HVAC,640,4.9,mega,MT
Elite Roofing & Solar,+13032960361,Denver,CO,Roofing,635,4.9,mega,MT
Peppy Heating and Cooling Boise,+12089066928,Boise,ID,HVAC,625,5.0,mega,MT
Stonecreek Roofing,+16023243400,Phoenix,AZ,Roofing,622,4.9,wave2,MT
Arizona Roofers,+14806138932,Phoenix,AZ,Roofing,620,5,wave2,MT
Island Breeze Air Conditioning & Heating LLC,+16236926013,Phoenix,AZ,HVAC,606,5,wave2,MT
Comfort Pros Heating and Air Conditioning,+13037442776,Denver,CO,HVAC,603,5,wave2,MT
Premier Roofing Company,+13032337663,Denver,CO,Roofing,579,4.3,mega,MT
Access Heating & Air Conditioning,+12088552444,Boise,ID,HVAC,573,4.9,mega,MT
Simple Electric,+16022904707,Phoenix,AZ,Electrical,559,4.9,mega,MT
Cool Zone Air Conditioning & Heating,+16232500012,Phoenix,AZ,HVAC,555,4.9,wave2,MT
Simba Plumbing LLC,+16029623537,Phoenix,AZ,Plumbing,539,4.9,mega,MT
Hyper Flow Service,+18885413966,Denver,CO,Plumbing,536,4.9,wave2,MT
Mountainside Air Conditioning Repair,+14809143425,Phoenix,AZ,HVAC,527,5,wave2,MT
Roto-Rooter Plumbing & Water Cleanup,+14804286335,Scottsdale,AZ,Plumbing,525,4.8,wave2,MT
A Perfect Plumber LLC,+17203753900,Englewood,CO,Plumbing,521,5,wave2,MT
"Affordable Heating & Cooling, Inc.",+18012610924,Salt Lake City,UT,HVAC,510,4.9,mega,MT
"King Rooter & Plumbing | Plumbers Denver, CO | Drain Cleaning | Sewer & Water Line | Tankless Water Heater Repair",+13035025651,Denver,CO,Plumbing,480,4.7,wave2,MT
Turn It On Electric,+16029627299,Phoenix,AZ,Electrical,474,4.6,mega,MT
Flush King Plumbing,+16026441950,Scottsdale,AZ,Plumbing,469,4.8,wave2,MT
Formula Roofing and Remodeling,+13036008696,Denver,CO,Roofing,469,4.8,mega,MT
TSM Roofing LLC,+16232138267,Phoenix,AZ,Roofing,464,4.8,wave2,MT
Kingdom Plumbing,+17028405037,Las Vegas,NV,Plumbing,458,4.9,mega,MT
Lifetime Roof & Solar - Denver,+13033356097,Denver,CO,Roofing,448,5.0,mega,MT
Prime Plumbing & Heating,+17205428153,Denver,CO,Plumbing,419,4.8,wave2,MT
SG Mechanical Air,+16237779577,Phoenix,AZ,HVAC,415,4.9,wave2,MT
Core Roofing + Solar,+17207949144,Denver,CO,Roofing,409,4.9,mega,MT
DMS Plumbing LLC,+17023537335,Las Vegas,NV,Plumbing,404,4.7,mega,MT
All Electric,+17209514619,Denver,CO,Electrical,403,4.9,mega,MT
Snowflake Air,+12082059078,Boise,ID,HVAC,351,4.8,mega,MT
Capital City Heating & Cooling,+12083454115,Boise,ID,HVAC,349,4.9,mega,MT
Cactus Plumbing And Air,+14804189912,Scottsdale,AZ,Plumbing,347,4.8,wave2,MT
Major Heating and Air Conditioning - Denver,+17208564848,Wheat Ridge,CO,HVAC,343,4.9,wave2,MT
